image_name,class,width,height
Non-Covid (1153).png,non-COVID,275,220
Non-Covid (352).png,non-COVID,294,286
Non-Covid (179).png,non-COVID,350,240
Non-Covid (672).png,non-COVID,376,268
Non-Covid (501).png,non-COVID,315,205
Non-Covid (405).png,non-COVID,386,209
Non-Covid (436).png,non-COVID,468,374
Non-Covid (883).png,non-COVID,334,215
Non-Covid (564).png,non-COVID,351,298
Non-Covid (936).png,non-COVID,377,254
Non-Covid (837).png,non-COVID,312,216
Non-Covid (421).png,non-COVID,278,175
Non-Covid (1031).png,non-COVID,324,243
Non-Covid (221).png,non-COVID,345,265
Non-Covid (1035).png,non-COVID,389,313
Non-Covid (1223).png,non-COVID,362,255
Non-Covid (498).png,non-COVID,301,179
Non-Covid (178).png,non-COVID,372,230
Non-Covid (977).png,non-COVID,365,238
Non-Covid (534).png,non-COVID,355,361
Non-Covid (548).png,non-COVID,394,307
Non-Covid (634).png,non-COVID,383,297
Non-Covid (875).png,non-COVID,346,282
Non-Covid (812).png,non-COVID,404,249
Non-Covid (1207).png,non-COVID,322,206
Non-Covid (623).png,non-COVID,368,327
Non-Covid (165).png,non-COVID,364,276
Non-Covid (871).png,non-COVID,352,251
Non-Covid (447).png,non-COVID,417,309
Non-Covid (385).png,non-COVID,328,239
Non-Covid (184).png,non-COVID,415,309
Non-Covid (524).png,non-COVID,301,263
Non-Covid (254).png,non-COVID,354,239
Non-Covid (970).png,non-COVID,340,249
Non-Covid (297).png,non-COVID,342,268
Non-Covid (219).png,non-COVID,347,243
Non-Covid (160).png,non-COVID,365,254
Non-Covid (725).png,non-COVID,455,317
Non-Covid (243).png,non-COVID,382,285
Non-Covid (1132).png,non-COVID,385,305
Non-Covid (86).png,non-COVID,352,307
Non-Covid (954).png,non-COVID,354,250
Non-Covid (834).png,non-COVID,423,283
Non-Covid (609).png,non-COVID,236,148
Non-Covid (264).png,non-COVID,339,269
Non-Covid (287).png,non-COVID,313,250
Non-Covid (993).png,non-COVID,379,254
Non-Covid (413).png,non-COVID,455,356
Non-Covid (858).png,non-COVID,412,272
Non-Covid (322).png,non-COVID,426,327
Non-Covid (354).png,non-COVID,381,305
Non-Covid (1115).png,non-COVID,373,258
Non-Covid (1126).png,non-COVID,333,217
Non-Covid (73).png,non-COVID,322,279
Non-Covid (252).png,non-COVID,313,189
Non-Covid (31).png,non-COVID,312,217
Non-Covid (822).png,non-COVID,434,293
Non-Covid (748).png,non-COVID,395,316
Non-Covid (53).png,non-COVID,360,217
Non-Covid (636).png,non-COVID,335,320
Non-Covid (1208).png,non-COVID,332,200
Non-Covid (164).png,non-COVID,358,276
Non-Covid (242).png,non-COVID,359,297
Non-Covid (662).png,non-COVID,332,234
Non-Covid (416).png,non-COVID,435,268
Non-Covid (668).png,non-COVID,431,284
Non-Covid (450).png,non-COVID,393,301
Non-Covid (1141).png,non-COVID,369,259
Non-Covid (827).png,non-COVID,383,254
Non-Covid (175).png,non-COVID,353,224
Non-Covid (128).png,non-COVID,359,284
Non-Covid (961).png,non-COVID,372,270
Non-Covid (1109).png,non-COVID,448,353
Non-Covid (903).png,non-COVID,363,271
Non-Covid (376).png,non-COVID,351,236
Non-Covid (515).png,non-COVID,349,282
Non-Covid (320).png,non-COVID,357,281
Non-Covid (500).png,non-COVID,375,292
Non-Covid (747).png,non-COVID,415,315
Non-Covid (594).png,non-COVID,395,321
Non-Covid (675).png,non-COVID,377,255
Non-Covid (266).png,non-COVID,340,287
Non-Covid (256).png,non-COVID,285,181
Non-Covid (855).png,non-COVID,402,272
Non-Covid (821).png,non-COVID,431,297
Non-Covid (786).png,non-COVID,384,231
Non-Covid (1151).png,non-COVID,328,273
Non-Covid (172).png,non-COVID,334,187
Non-Covid (150).png,non-COVID,408,273
Non-Covid (528).png,non-COVID,353,317
Non-Covid (897).png,non-COVID,328,230
Non-Covid (378).png,non-COVID,356,264
Non-Covid (423).png,non-COVID,318,242
Non-Covid (240).png,non-COVID,348,298
Non-Covid (763).png,non-COVID,380,282
Non-Covid (131).png,non-COVID,471,345
Non-Covid (684).png,non-COVID,433,259
Non-Covid (449).png,non-COVID,393,295
Non-Covid (241).png,non-COVID,361,272
Non-Covid (838).png,non-COVID,324,218
Non-Covid (223).png,non-COVID,363,292
Non-Covid (412).png,non-COVID,449,321
Non-Covid (633).png,non-COVID,382,296
Non-Covid (28).png,non-COVID,306,194
Non-Covid (590).png,non-COVID,401,310
Non-Covid (971).png,non-COVID,342,251
Non-Covid (186).png,non-COVID,384,298
Non-Covid (645).png,non-COVID,244,145
Non-Covid (228).png,non-COVID,357,284
Non-Covid (115).png,non-COVID,419,387
Non-Covid (578).png,non-COVID,378,311
Non-Covid (1119).png,non-COVID,450,357
Non-Covid (988).png,non-COVID,375,239
Non-Covid (899).png,non-COVID,329,236
Non-Covid (979).png,non-COVID,372,274
Non-Covid (16).png,non-COVID,376,342
Non-Covid (461).png,non-COVID,421,309
Non-Covid (605).png,non-COVID,468,306
Non-Covid (1212).png,non-COVID,309,182
Non-Covid (781).png,non-COVID,388,209
Non-Covid (576).png,non-COVID,420,302
Non-Covid (811).png,non-COVID,433,241
Non-Covid (678).png,non-COVID,396,258
Non-Covid (15).png,non-COVID,382,364
Non-Covid (526).png,non-COVID,304,294
Non-Covid (1120).png,non-COVID,430,349
Non-Covid (442).png,non-COVID,383,247
Non-Covid (1121).png,non-COVID,443,350
Non-Covid (464).png,non-COVID,449,323
Non-Covid (764).png,non-COVID,392,278
Non-Covid (250).png,non-COVID,264,147
Non-Covid (557).png,non-COVID,355,272
Non-Covid (481).png,non-COVID,316,248
Non-Covid (407).png,non-COVID,419,256
Non-Covid (1136).png,non-COVID,351,277
Non-Covid (973).png,non-COVID,345,256
Non-Covid (384).png,non-COVID,405,290
Non-Covid (1225).png,non-COVID,343,252
Non-Covid (1179).png,non-COVID,326,219
Non-Covid (174).png,non-COVID,331,211
Non-Covid (966).png,non-COVID,386,254
Non-Covid (191).png,non-COVID,421,325
Non-Covid (183).png,non-COVID,394,304
Non-Covid (577).png,non-COVID,425,326
Non-Covid (595).png,non-COVID,383,310
Non-Covid (836).png,non-COVID,424,281
Non-Covid (93).png,non-COVID,402,298
Non-Covid (227).png,non-COVID,383,272
Non-Covid (619).png,non-COVID,329,295
Non-Covid (211).png,non-COVID,354,231
Non-Covid (401).png,non-COVID,360,307
Non-Covid (742).png,non-COVID,383,272
Non-Covid (1154).png,non-COVID,316,235
Non-Covid (82).png,non-COVID,347,297
Non-Covid (644).png,non-COVID,378,303
Non-Covid (403).png,non-COVID,382,292
Non-Covid (391).png,non-COVID,277,191
Non-Covid (1054).png,non-COVID,464,368
Non-Covid (982).png,non-COVID,336,193
Non-Covid (149).png,non-COVID,430,272
Non-Covid (869).png,non-COVID,372,249
Non-Covid (1173).png,non-COVID,349,237
Non-Covid (1103).png,non-COVID,418,282
Non-Covid (854).png,non-COVID,389,277
Non-Covid (314).png,non-COVID,338,277
Non-Covid (51).png,non-COVID,347,242
Non-Covid (325).png,non-COVID,420,327
Non-Covid (1013).png,non-COVID,491,327
Non-Covid (197).png,non-COVID,290,189
Non-Covid (768).png,non-COVID,271,161
Non-Covid (937).png,non-COVID,387,253
Non-Covid (1018).png,non-COVID,332,229
Non-Covid (371).png,non-COVID,361,273
Non-Covid (109).png,non-COVID,387,317
Non-Covid (1197).png,non-COVID,294,219
Non-Covid (690).png,non-COVID,398,279
Non-Covid (1044).png,non-COVID,463,356
Non-Covid (486).png,non-COVID,312,198
Non-Covid (259).png,non-COVID,317,227
Non-Covid (107).png,non-COVID,344,278
Non-Covid (344).png,non-COVID,308,229
Non-Covid (196).png,non-COVID,289,184
Non-Covid (1016).png,non-COVID,311,217
Non-Covid (1011).png,non-COVID,475,318
Non-Covid (642).png,non-COVID,387,322
Non-Covid (570).png,non-COVID,386,305
Non-Covid (849).png,non-COVID,382,269
Non-Covid (520).png,non-COVID,244,205
Non-Covid (489).png,non-COVID,326,219
Non-Covid (406).png,non-COVID,416,248
Non-Covid (138).png,non-COVID,382,231
Non-Covid (813).png,non-COVID,398,255
Non-Covid (1051).png,non-COVID,412,338
Non-Covid (550).png,non-COVID,410,355
Non-Covid (305).png,non-COVID,340,250
Non-Covid (635).png,non-COVID,396,321
Non-Covid (426).png,non-COVID,350,264
Non-Covid (767).png,non-COVID,416,282
Non-Covid (939).png,non-COVID,384,244
Non-Covid (588).png,non-COVID,364,283
Non-Covid (622).png,non-COVID,351,308
Non-Covid (425).png,non-COVID,325,266
Non-Covid (1009).png,non-COVID,478,340
Non-Covid (1090).png,non-COVID,399,296
Non-Covid (832).png,non-COVID,435,332
Non-Covid (1125).png,non-COVID,320,219
Non-Covid (629).png,non-COVID,351,318
Non-Covid (643).png,non-COVID,360,305
Non-Covid (655).png,non-COVID,257,141
Non-Covid (751).png,non-COVID,422,323
Non-Covid (760).png,non-COVID,380,286
Non-Covid (965).png,non-COVID,376,257
Non-Covid (234).png,non-COVID,336,261
Non-Covid (276).png,non-COVID,354,276
Non-Covid (624).png,non-COVID,391,304
Non-Covid (331).png,non-COVID,416,323
Non-Covid (1076).png,non-COVID,331,227
Non-Covid (511).png,non-COVID,284,179
Non-Covid (701).png,non-COVID,447,360
Non-Covid (804).png,non-COVID,412,243
Non-Covid (1158).png,non-COVID,344,286
Non-Covid (318).png,non-COVID,347,291
Non-Covid (873).png,non-COVID,347,273
Non-Covid (677).png,non-COVID,393,255
Non-Covid (19).png,non-COVID,422,339
Non-Covid (277).png,non-COVID,373,272
Non-Covid (1085).png,non-COVID,353,260
Non-Covid (134).png,non-COVID,306,198
Non-Covid (142).png,non-COVID,374,199
Non-Covid (349).png,non-COVID,262,193
Non-Covid (132).png,non-COVID,474,362
Non-Covid (896).png,non-COVID,306,230
Non-Covid (723).png,non-COVID,459,346
Non-Covid (104).png,non-COVID,355,269
Non-Covid (159).png,non-COVID,354,279
Non-Covid (381).png,non-COVID,337,276
Non-Covid (1096).png,non-COVID,354,257
Non-Covid (765).png,non-COVID,389,274
Non-Covid (761).png,non-COVID,382,293
Non-Covid (696).png,non-COVID,381,313
Non-Covid (335).png,non-COVID,426,301
Non-Covid (32).png,non-COVID,328,229
Non-Covid (148).png,non-COVID,437,296
Non-Covid (774).png,non-COVID,334,170
Non-Covid (483).png,non-COVID,328,236
Non-Covid (525).png,non-COVID,302,263
Non-Covid (257).png,non-COVID,288,189
Non-Covid (244).png,non-COVID,388,291
Non-Covid (990).png,non-COVID,392,256
Non-Covid (766).png,non-COVID,386,285
Non-Covid (39).png,non-COVID,354,268
Non-Covid (23).png,non-COVID,260,155
Non-Covid (272).png,non-COVID,317,292
Non-Covid (1023).png,non-COVID,346,283
Non-Covid (236).png,non-COVID,365,274
Non-Covid (739).png,non-COVID,370,263
Non-Covid (45).png,non-COVID,322,200
Non-Covid (532).png,non-COVID,346,347
Non-Covid (508).png,non-COVID,352,278
Non-Covid (736).png,non-COVID,360,248
Non-Covid (582).png,non-COVID,374,312
Non-Covid (333).png,non-COVID,400,295
Non-Covid (1198).png,non-COVID,325,219
Non-Covid (860).png,non-COVID,418,277
Non-Covid (200).png,non-COVID,300,203
Non-Covid (1165).png,non-COVID,378,330
Non-Covid (9).png,non-COVID,410,356
Non-Covid (1134).png,non-COVID,367,290
Non-Covid (691).png,non-COVID,356,269
Non-Covid (102).png,non-COVID,300,225
Non-Covid (269).png,non-COVID,330,292
Non-Covid (4).png,non-COVID,366,322
Non-Covid (853).png,non-COVID,378,290
Non-Covid (549).png,non-COVID,425,341
Non-Covid (190).png,non-COVID,403,315
Non-Covid (666).png,non-COVID,360,254
Non-Covid (1161).png,non-COVID,331,305
Non-Covid (1098).png,non-COVID,384,266
Non-Covid (369).png,non-COVID,350,274
Non-Covid (670).png,non-COVID,369,257
Non-Covid (1143).png,non-COVID,254,177
Non-Covid (47).png,non-COVID,348,200
Non-Covid (204).png,non-COVID,312,226
Non-Covid (487).png,non-COVID,317,191
Non-Covid (719).png,non-COVID,475,306
Non-Covid (1195).png,non-COVID,314,194
Non-Covid (551).png,non-COVID,423,367
Non-Covid (880).png,non-COVID,370,327
Non-Covid (987).png,non-COVID,378,239
Non-Covid (734).png,non-COVID,356,257
Non-Covid (660).png,non-COVID,327,249
Non-Covid (113).png,non-COVID,418,360
Non-Covid (506).png,non-COVID,334,257
Non-Covid (120).png,non-COVID,359,253
Non-Covid (731).png,non-COVID,365,255
Non-Covid (374).png,non-COVID,291,226
Non-Covid (656).png,non-COVID,294,178
Non-Covid (42).png,non-COVID,358,284
Non-Covid (70).png,non-COVID,281,259
Non-Covid (255).png,non-COVID,249,119
Non-Covid (201).png,non-COVID,307,212
Non-Covid (1176).png,non-COVID,311,225
Non-Covid (111).png,non-COVID,377,330
Non-Covid (1118).png,non-COVID,422,321
Non-Covid (626).png,non-COVID,407,314
Non-Covid (591).png,non-COVID,393,306
Non-Covid (418).png,non-COVID,420,298
Non-Covid (1022).png,non-COVID,358,275
Non-Covid (1012).png,non-COVID,482,330
Non-Covid (688).png,non-COVID,323,249
Non-Covid (342).png,non-COVID,280,194
Non-Covid (665).png,non-COVID,380,252
Non-Covid (118).png,non-COVID,366,243
Non-Covid (278).png,non-COVID,390,281
Non-Covid (1133).png,non-COVID,410,298
Non-Covid (592).png,non-COVID,413,309
Non-Covid (439).png,non-COVID,354,197
Non-Covid (998).png,non-COVID,383,249
Non-Covid (628).png,non-COVID,353,314
Non-Covid (724).png,non-COVID,458,316
Non-Covid (863).png,non-COVID,257,168
Non-Covid (101).png,non-COVID,468,387
Non-Covid (1184).png,non-COVID,352,257
Non-Covid (1102).png,non-COVID,400,276
Non-Covid (746).png,non-COVID,409,304
Non-Covid (876).png,non-COVID,353,283
Non-Covid (518).png,non-COVID,392,308
Non-Covid (463).png,non-COVID,439,338
Non-Covid (994).png,non-COVID,397,247
Non-Covid (380).png,non-COVID,356,281
Non-Covid (443).png,non-COVID,395,263
Non-Covid (80).png,non-COVID,365,296
Non-Covid (632).png,non-COVID,366,307
Non-Covid (328).png,non-COVID,415,331
Non-Covid (393).png,non-COVID,309,238
Non-Covid (400).png,non-COVID,384,305
Non-Covid (438).png,non-COVID,323,198
Non-Covid (1128).png,non-COVID,341,262
Non-Covid (826).png,non-COVID,370,231
Non-Covid (363).png,non-COVID,349,282
Non-Covid (309).png,non-COVID,341,289
Non-Covid (859).png,non-COVID,420,272
Non-Covid (76).png,non-COVID,309,287
Non-Covid (653).png,non-COVID,314,221
Non-Covid (999).png,non-COVID,419,261
Non-Covid (1042).png,non-COVID,482,363
Non-Covid (835).png,non-COVID,407,263
Non-Covid (422).png,non-COVID,320,243
Non-Covid (267).png,non-COVID,350,282
Non-Covid (711).png,non-COVID,370,281
Non-Covid (831).png,non-COVID,471,317
Non-Covid (1091).png,non-COVID,312,219
Non-Covid (929).png,non-COVID,377,280
Non-Covid (663).png,non-COVID,356,222
Non-Covid (198).png,non-COVID,291,195
Non-Covid (1214).png,non-COVID,320,221
Non-Covid (935).png,non-COVID,405,230
Non-Covid (544).png,non-COVID,347,237
Non-Covid (1074).png,non-COVID,382,254
Non-Covid (703).png,non-COVID,307,230
Non-Covid (657).png,non-COVID,314,170
Non-Covid (535).png,non-COVID,365,383
Non-Covid (1060).png,non-COVID,331,249
Non-Covid (887).png,non-COVID,388,267
Non-Covid (432).png,non-COVID,371,353
Non-Covid (950).png,non-COVID,341,258
Non-Covid (976).png,non-COVID,345,246
Non-Covid (906).png,non-COVID,385,272
Non-Covid (924).png,non-COVID,385,312
Non-Covid (682).png,non-COVID,425,273
Non-Covid (947).png,non-COVID,335,235
Non-Covid (195).png,non-COVID,281,171
Non-Covid (1172).png,non-COVID,310,218
Non-Covid (513).png,non-COVID,331,232
Non-Covid (755).png,non-COVID,436,322
Non-Covid (306).png,non-COVID,342,264
Non-Covid (399).png,non-COVID,344,282
Non-Covid (921).png,non-COVID,408,330
Non-Covid (286).png,non-COVID,335,246
Non-Covid (614).png,non-COVID,288,233
Non-Covid (308).png,non-COVID,344,282
Non-Covid (830).png,non-COVID,406,291
Non-Covid (671).png,non-COVID,372,255
Non-Covid (902).png,non-COVID,344,254
Non-Covid (904).png,non-COVID,384,269
Non-Covid (948).png,non-COVID,327,256
Non-Covid (1138).png,non-COVID,339,244
Non-Covid (600).png,non-COVID,393,303
Non-Covid (606).png,non-COVID,224,146
Non-Covid (818).png,non-COVID,424,325
Non-Covid (167).png,non-COVID,368,273
Non-Covid (90).png,non-COVID,431,326
Non-Covid (850).png,non-COVID,392,265
Non-Covid (12).png,non-COVID,402,384
Non-Covid (960).png,non-COVID,353,244
Non-Covid (580).png,non-COVID,351,290
Non-Covid (631).png,non-COVID,375,309
Non-Covid (523).png,non-COVID,286,253
Non-Covid (890).png,non-COVID,289,186
Non-Covid (119).png,non-COVID,358,247
Non-Covid (229).png,non-COVID,304,185
Non-Covid (1037).png,non-COVID,402,350
Non-Covid (930).png,non-COVID,381,272
Non-Covid (1039).png,non-COVID,417,348
Non-Covid (484).png,non-COVID,323,236
Non-Covid (1152).png,non-COVID,278,176
Non-Covid (907).png,non-COVID,386,296
Non-Covid (377).png,non-COVID,339,258
Non-Covid (772).png,non-COVID,311,147
Non-Covid (809).png,non-COVID,346,213
Non-Covid (1097).png,non-COVID,358,266
Non-Covid (35).png,non-COVID,328,238
Non-Covid (857).png,non-COVID,415,279
Non-Covid (7).png,non-COVID,391,338
Non-Covid (848).png,non-COVID,371,277
Non-Covid (729).png,non-COVID,319,185
Non-Covid (170).png,non-COVID,287,152
Non-Covid (112).png,non-COVID,394,343
Non-Covid (888).png,non-COVID,278,150
Non-Covid (129).png,non-COVID,372,289
Non-Covid (116).png,non-COVID,365,237
Non-Covid (732).png,non-COVID,363,244
Non-Covid (313).png,non-COVID,352,274
Non-Covid (281).png,non-COVID,393,301
Non-Covid (886).png,non-COVID,387,246
Non-Covid (598).png,non-COVID,352,226
Non-Covid (707).png,non-COVID,352,265
Non-Covid (846).png,non-COVID,363,280
Non-Covid (420).png,non-COVID,450,357
Non-Covid (531).png,non-COVID,357,344
Non-Covid (168).png,non-COVID,370,293
Non-Covid (713).png,non-COVID,371,268
Non-Covid (103).png,non-COVID,311,253
Non-Covid (554).png,non-COVID,441,399
Non-Covid (650).png,non-COVID,287,175
Non-Covid (139).png,non-COVID,378,264
Non-Covid (366).png,non-COVID,367,293
Non-Covid (1191).png,non-COVID,307,192
Non-Covid (753).png,non-COVID,432,321
Non-Covid (611).png,non-COVID,262,190
Non-Covid (1104).png,non-COVID,378,274
Non-Covid (608).png,non-COVID,228,140
Non-Covid (945).png,non-COVID,329,231
Non-Covid (1131).png,non-COVID,390,302
Non-Covid (1101).png,non-COVID,399,277
Non-Covid (359).png,non-COVID,313,222
Non-Covid (452).png,non-COVID,336,277
Non-Covid (522).png,non-COVID,302,254
Non-Covid (1213).png,non-COVID,310,202
Non-Covid (669).png,non-COVID,371,256
Non-Covid (1171).png,non-COVID,316,217
Non-Covid (685).png,non-COVID,438,276
Non-Covid (345).png,non-COVID,307,236
Non-Covid (828).png,non-COVID,406,279
Non-Covid (415).png,non-COVID,414,233
Non-Covid (787).png,non-COVID,375,233
Non-Covid (510).png,non-COVID,353,302
Non-Covid (213).png,non-COVID,261,166
Non-Covid (964).png,non-COVID,369,256
Non-Covid (824).png,non-COVID,478,311
Non-Covid (1190).png,non-COVID,388,308
Non-Covid (182).png,non-COVID,388,285
Non-Covid (67).png,non-COVID,257,199
Non-Covid (771).png,non-COVID,317,135
Non-Covid (1027).png,non-COVID,361,304
Non-Covid (68).png,non-COVID,274,234
Non-Covid (27).png,non-COVID,300,191
Non-Covid (791).png,non-COVID,378,236
Non-Covid (490).png,non-COVID,323,252
Non-Covid (108).png,non-COVID,351,302
Non-Covid (1034).png,non-COVID,359,309
Non-Covid (92).png,non-COVID,368,298
Non-Covid (910).png,non-COVID,397,287
Non-Covid (1038).png,non-COVID,395,334
Non-Covid (1147).png,non-COVID,308,237
Non-Covid (561).png,non-COVID,375,279
Non-Covid (343).png,non-COVID,294,223
Non-Covid (54).png,non-COVID,364,243
Non-Covid (21).png,non-COVID,408,350
Non-Covid (2).png,non-COVID,324,248
Non-Covid (566).png,non-COVID,374,301
Non-Covid (404).png,non-COVID,404,321
Non-Covid (541).png,non-COVID,378,359
Non-Covid (810).png,non-COVID,383,263
Non-Covid (844).png,non-COVID,361,260
Non-Covid (209).png,non-COVID,330,233
Non-Covid (43).png,non-COVID,366,290
Non-Covid (1).png,non-COVID,321,229
Non-Covid (878).png,non-COVID,368,305
Non-Covid (752).png,non-COVID,428,303
Non-Covid (1020).png,non-COVID,347,250
Non-Covid (658).png,non-COVID,320,201
Non-Covid (651).png,non-COVID,283,191
Non-Covid (265).png,non-COVID,351,268
Non-Covid (180).png,non-COVID,355,251
Non-Covid (819).png,non-COVID,430,313
Non-Covid (1058).png,non-COVID,473,366
Non-Covid (492).png,non-COVID,342,266
Non-Covid (942).png,non-COVID,250,161
Non-Covid (1224).png,non-COVID,349,247
Non-Covid (251).png,non-COVID,277,138
Non-Covid (1055).png,non-COVID,441,348
Non-Covid (995).png,non-COVID,387,252
Non-Covid (676).png,non-COVID,377,250
Non-Covid (968).png,non-COVID,354,262
Non-Covid (293).png,non-COVID,336,227
Non-Covid (166).png,non-COVID,368,274
Non-Covid (1124).png,non-COVID,285,207
Non-Covid (641).png,non-COVID,402,323
Non-Covid (467).png,non-COVID,495,321
Non-Covid (362).png,non-COVID,340,261
Non-Covid (231).png,non-COVID,330,226
Non-Covid (245).png,non-COVID,354,276
Non-Covid (457).png,non-COVID,396,346
Non-Covid (984).png,non-COVID,370,220
Non-Covid (289).png,non-COVID,310,243
Non-Covid (341).png,non-COVID,250,157
Non-Covid (585).png,non-COVID,365,286
Non-Covid (840).png,non-COVID,337,239
Non-Covid (193).png,non-COVID,256,163
Non-Covid (496).png,non-COVID,414,279
Non-Covid (1082).png,non-COVID,317,248
Non-Covid (336).png,non-COVID,440,271
Non-Covid (750).png,non-COVID,404,314
Non-Covid (1167).png,non-COVID,309,265
Non-Covid (460).png,non-COVID,404,310
Non-Covid (700).png,non-COVID,408,345
Non-Covid (898).png,non-COVID,310,233
Non-Covid (745).png,non-COVID,400,293
Non-Covid (749).png,non-COVID,411,290
Non-Covid (69).png,non-COVID,291,263
Non-Covid (847).png,non-COVID,371,272
Non-Covid (1140).png,non-COVID,351,257
Non-Covid (1159).png,non-COVID,350,322
Non-Covid (429).png,non-COVID,368,296
Non-Covid (300).png,non-COVID,337,222
Non-Covid (258).png,non-COVID,321,197
Non-Covid (414).png,non-COVID,483,347
Non-Covid (64).png,non-COVID,231,180
Non-Covid (952).png,non-COVID,367,263
Non-Covid (248).png,non-COVID,379,293
Non-Covid (885).png,non-COVID,349,241
Non-Covid (874).png,non-COVID,358,278
Non-Covid (981).png,non-COVID,314,159
Non-Covid (997).png,non-COVID,396,251
Non-Covid (722).png,non-COVID,483,336
Non-Covid (1201).png,non-COVID,329,237
Non-Covid (351).png,non-COVID,272,249
Non-Covid (283).png,non-COVID,337,258
Non-Covid (1024).png,non-COVID,357,286
Non-Covid (476).png,non-COVID,297,195
Non-Covid (974).png,non-COVID,342,248
Non-Covid (558).png,non-COVID,351,245
Non-Covid (1010).png,non-COVID,482,321
Non-Covid (1130).png,non-COVID,365,263
Non-Covid (36).png,non-COVID,349,254
Non-Covid (547).png,non-COVID,384,293
Non-Covid (367).png,non-COVID,373,278
Non-Covid (596).png,non-COVID,396,302
Non-Covid (969).png,non-COVID,364,243
Non-Covid (1047).png,non-COVID,307,246
Non-Covid (555).png,non-COVID,473,406
Non-Covid (473).png,non-COVID,405,301
Non-Covid (618).png,non-COVID,322,297
Non-Covid (989).png,non-COVID,383,236
Non-Covid (291).png,non-COVID,337,197
Non-Covid (208).png,non-COVID,328,248
Non-Covid (163).png,non-COVID,365,277
Non-Covid (744).png,non-COVID,390,280
Non-Covid (365).png,non-COVID,351,265
Non-Covid (552).png,non-COVID,454,380
Non-Covid (1008).png,non-COVID,470,350
Non-Covid (1048).png,non-COVID,360,282
Non-Covid (3).png,non-COVID,336,270
Non-Covid (1216).png,non-COVID,320,229
Non-Covid (207).png,non-COVID,338,242
Non-Covid (825).png,non-COVID,482,322
Non-Covid (735).png,non-COVID,391,279
Non-Covid (216).png,non-COVID,310,235
Non-Covid (237).png,non-COVID,341,270
Non-Covid (579).png,non-COVID,388,320
Non-Covid (1182).png,non-COVID,338,267
Non-Covid (1087).png,non-COVID,360,264
Non-Covid (40).png,non-COVID,345,272
Non-Covid (78).png,non-COVID,340,298
Non-Covid (110).png,non-COVID,361,321
Non-Covid (247).png,non-COVID,353,274
Non-Covid (740).png,non-COVID,372,269
Non-Covid (865).png,non-COVID,330,224
Non-Covid (58).png,non-COVID,392,258
Non-Covid (1050).png,non-COVID,391,324
Non-Covid (61).png,non-COVID,385,290
Non-Covid (33).png,non-COVID,321,216
Non-Covid (358).png,non-COVID,423,314
Non-Covid (714).png,non-COVID,373,277
Non-Covid (938).png,non-COVID,370,248
Non-Covid (206).png,non-COVID,325,230
Non-Covid (949).png,non-COVID,338,240
Non-Covid (758).png,non-COVID,364,277
Non-Covid (99).png,non-COVID,442,401
Non-Covid (203).png,non-COVID,312,220
Non-Covid (133).png,non-COVID,484,375
Non-Covid (1067).png,non-COVID,408,388
Non-Covid (955).png,non-COVID,347,250
Non-Covid (1086).png,non-COVID,347,256
Non-Covid (317).png,non-COVID,332,273
Non-Covid (217).png,non-COVID,323,236
Non-Covid (181).png,non-COVID,380,281
Non-Covid (705).png,non-COVID,327,225
Non-Covid (587).png,non-COVID,360,291
Non-Covid (1148).png,non-COVID,341,276
Non-Covid (562).png,non-COVID,373,256
Non-Covid (661).png,non-COVID,352,238
Non-Covid (357).png,non-COVID,409,331
Non-Covid (428).png,non-COVID,358,275
Non-Covid (246).png,non-COVID,359,292
Non-Covid (790).png,non-COVID,388,239
Non-Covid (288).png,non-COVID,320,247
Non-Covid (348).png,non-COVID,228,179
Non-Covid (1077).png,non-COVID,369,240
Non-Covid (144).png,non-COVID,378,228
Non-Covid (330).png,non-COVID,420,343
Non-Covid (26).png,non-COVID,289,184
Non-Covid (972).png,non-COVID,346,250
Non-Covid (1162).png,non-COVID,338,337
Non-Covid (607).png,non-COVID,228,135
Non-Covid (1178).png,non-COVID,351,237
Non-Covid (1177).png,non-COVID,336,236
Non-Covid (808).png,non-COVID,360,202
Non-Covid (311).png,non-COVID,336,270
Non-Covid (87).png,non-COVID,386,287
Non-Covid (1187).png,non-COVID,364,270
Non-Covid (389).png,non-COVID,242,170
Non-Covid (693).png,non-COVID,380,307
Non-Covid (702).png,non-COVID,279,151
Non-Covid (1000).png,non-COVID,427,287
Non-Covid (499).png,non-COVID,331,248
Non-Covid (173).png,non-COVID,324,222
Non-Covid (1106).png,non-COVID,454,299
Non-Covid (482).png,non-COVID,316,233
Non-Covid (730).png,non-COVID,317,199
Non-Covid (141).png,non-COVID,335,166
Non-Covid (951).png,non-COVID,341,265
Non-Covid (370).png,non-COVID,355,268
Non-Covid (218).png,non-COVID,335,259
Non-Covid (260).png,non-COVID,315,230
Non-Covid (37).png,non-COVID,347,252
Non-Covid (1005).png,non-COVID,454,303
Non-Covid (779).png,non-COVID,353,193
Non-Covid (85).png,non-COVID,377,327
Non-Covid (923).png,non-COVID,445,353
Non-Covid (852).png,non-COVID,411,287
Non-Covid (584).png,non-COVID,380,311
Non-Covid (708).png,non-COVID,360,276
Non-Covid (583).png,non-COVID,380,298
Non-Covid (81).png,non-COVID,361,265
Non-Covid (932).png,non-COVID,371,270
Non-Covid (249).png,non-COVID,366,317
Non-Covid (934).png,non-COVID,391,243
Non-Covid (586).png,non-COVID,402,291
Non-Covid (125).png,non-COVID,370,255
Non-Covid (154).png,non-COVID,345,226
Non-Covid (571).png,non-COVID,407,280
Non-Covid (912).png,non-COVID,355,251
Non-Covid (379).png,non-COVID,339,264
Non-Covid (263).png,non-COVID,328,244
Non-Covid (368).png,non-COVID,381,283
Non-Covid (1003).png,non-COVID,447,307
Non-Covid (1059).png,non-COVID,502,369
Non-Covid (273).png,non-COVID,354,295
Non-Covid (1073).png,non-COVID,340,225
Non-Covid (1116).png,non-COVID,412,325
Non-Covid (71).png,non-COVID,310,264
Non-Covid (188).png,non-COVID,413,286
Non-Covid (647).png,non-COVID,289,154
Non-Covid (1080).png,non-COVID,369,274
Non-Covid (817).png,non-COVID,441,326
Non-Covid (870).png,non-COVID,362,261
Non-Covid (868).png,non-COVID,326,218
Non-Covid (1111).png,non-COVID,426,330
Non-Covid (1084).png,non-COVID,342,249
Non-Covid (177).png,non-COVID,350,226
Non-Covid (451).png,non-COVID,349,251
Non-Covid (915).png,non-COVID,395,301
Non-Covid (829).png,non-COVID,410,289
Non-Covid (683).png,non-COVID,407,250
Non-Covid (877).png,non-COVID,350,286
Non-Covid (187).png,non-COVID,419,310
Non-Covid (25).png,non-COVID,285,171
Non-Covid (230).png,non-COVID,328,221
Non-Covid (373).png,non-COVID,282,172
Non-Covid (74).png,non-COVID,350,285
Non-Covid (1217).png,non-COVID,320,224
Non-Covid (538).png,non-COVID,360,366
Non-Covid (698).png,non-COVID,394,334
Non-Covid (545).png,non-COVID,371,191
Non-Covid (448).png,non-COVID,369,296
Non-Covid (737).png,non-COVID,377,254
Non-Covid (944).png,non-COVID,319,220
Non-Covid (185).png,non-COVID,397,302
Non-Covid (72).png,non-COVID,309,267
Non-Covid (38).png,non-COVID,333,240
Non-Covid (543).png,non-COVID,382,368
Non-Covid (310).png,non-COVID,335,264
Non-Covid (940).png,non-COVID,371,240
Non-Covid (194).png,non-COVID,257,170
Non-Covid (123).png,non-COVID,396,271
Non-Covid (983).png,non-COVID,363,208
Non-Covid (820).png,non-COVID,448,314
Non-Covid (867).png,non-COVID,355,242
Non-Covid (762).png,non-COVID,364,284
Non-Covid (456).png,non-COVID,378,318
Non-Covid (224).png,non-COVID,340,275
Non-Covid (424).png,non-COVID,337,244
Non-Covid (96).png,non-COVID,387,389
Non-Covid (338).png,non-COVID,375,226
Non-Covid (843).png,non-COVID,338,257
Non-Covid (1221).png,non-COVID,340,240
Non-Covid (726).png,non-COVID,462,294
Non-Covid (253).png,non-COVID,327,218
Non-Covid (11).png,non-COVID,408,367
Non-Covid (1041).png,non-COVID,442,379
Non-Covid (503).png,non-COVID,343,245
Non-Covid (1193).png,non-COVID,319,207
Non-Covid (741).png,non-COVID,380,271
Non-Covid (13).png,non-COVID,402,371
Non-Covid (471).png,non-COVID,413,292
Non-Covid (773).png,non-COVID,339,162
Non-Covid (718).png,non-COVID,446,303
Non-Covid (1021).png,non-COVID,340,255
Non-Covid (233).png,non-COVID,338,242
Non-Covid (574).png,non-COVID,405,292
Non-Covid (455).png,non-COVID,381,371
Non-Covid (478).png,non-COVID,324,232
Non-Covid (454).png,non-COVID,396,358
Non-Covid (485).png,non-COVID,333,226
Non-Covid (1079).png,non-COVID,336,268
Non-Covid (866).png,non-COVID,314,210
Non-Covid (738).png,non-COVID,412,263
Non-Covid (933).png,non-COVID,388,279
Non-Covid (158).png,non-COVID,355,244
Non-Covid (222).png,non-COVID,354,269
Non-Covid (29).png,non-COVID,301,204
Non-Covid (155).png,non-COVID,351,239
Non-Covid (797).png,non-COVID,391,245
Non-Covid (205).png,non-COVID,326,235
Non-Covid (802).png,non-COVID,390,240
Non-Covid (89).png,non-COVID,401,297
Non-Covid (911).png,non-COVID,333,241
Non-Covid (1204).png,non-COVID,362,216
Non-Covid (435).png,non-COVID,441,381
Non-Covid (114).png,non-COVID,407,380
Non-Covid (465).png,non-COVID,486,343
Non-Covid (91).png,non-COVID,337,267
Non-Covid (6).png,non-COVID,410,330
Non-Covid (505).png,non-COVID,354,266
Non-Covid (446).png,non-COVID,395,312
Non-Covid (1163).png,non-COVID,355,319
Non-Covid (298).png,non-COVID,297,190
Non-Covid (1033).png,non-COVID,356,281
Non-Covid (372).png,non-COVID,401,305
Non-Covid (275).png,non-COVID,350,281
Non-Covid (475).png,non-COVID,259,199
Non-Covid (1093).png,non-COVID,335,241
Non-Covid (1089).png,non-COVID,390,289
Non-Covid (327).png,non-COVID,405,341
Non-Covid (780).png,non-COVID,358,198
Non-Covid (881).png,non-COVID,368,323
Non-Covid (957).png,non-COVID,352,243
Non-Covid (79).png,non-COVID,342,281
Non-Covid (1203).png,non-COVID,344,248
Non-Covid (1069).png,non-COVID,300,179
Non-Covid (630).png,non-COVID,397,326
Non-Covid (52).png,non-COVID,359,234
Non-Covid (694).png,non-COVID,384,299
Non-Covid (1215).png,non-COVID,306,208
Non-Covid (126).png,non-COVID,372,245
Non-Covid (192).png,non-COVID,254,153
Non-Covid (715).png,non-COVID,376,282
Non-Covid (654).png,non-COVID,270,134
Non-Covid (235).png,non-COVID,349,271
Non-Covid (50).png,non-COVID,344,228
Non-Covid (796).png,non-COVID,412,244
Non-Covid (56).png,non-COVID,364,259
Non-Covid (706).png,non-COVID,343,251
Non-Covid (220).png,non-COVID,346,266
Non-Covid (709).png,non-COVID,384,275
Non-Covid (502).png,non-COVID,319,230
Non-Covid (398).png,non-COVID,351,273
Non-Covid (815).png,non-COVID,424,291
Non-Covid (712).png,non-COVID,375,291
Non-Covid (776).png,non-COVID,329,171
Non-Covid (303).png,non-COVID,319,240
Non-Covid (793).png,non-COVID,394,243
Non-Covid (879).png,non-COVID,354,315
Non-Covid (1095).png,non-COVID,358,269
Non-Covid (627).png,non-COVID,356,324
Non-Covid (232).png,non-COVID,338,246
Non-Covid (431).png,non-COVID,380,344
Non-Covid (612).png,non-COVID,278,219
Non-Covid (507).png,non-COVID,351,290
Non-Covid (916).png,non-COVID,395,307
Non-Covid (1135).png,non-COVID,341,256
Non-Covid (560).png,non-COVID,395,282
Non-Covid (727).png,non-COVID,462,310
Non-Covid (646).png,non-COVID,250,137
Non-Covid (686).png,non-COVID,305,218
Non-Covid (427).png,non-COVID,358,265
Non-Covid (1053).png,non-COVID,432,339
Non-Covid (296).png,non-COVID,372,250
Non-Covid (440).png,non-COVID,351,220
Non-Covid (569).png,non-COVID,387,307
Non-Covid (360).png,non-COVID,307,225
Non-Covid (799).png,non-COVID,388,241
Non-Covid (733).png,non-COVID,359,253
Non-Covid (800).png,non-COVID,395,242
Non-Covid (953).png,non-COVID,352,254
Non-Covid (83).png,non-COVID,332,286
Non-Covid (1192).png,non-COVID,281,187
Non-Covid (926).png,non-COVID,391,298
Non-Covid (542).png,non-COVID,380,369
Non-Covid (801).png,non-COVID,401,245
Non-Covid (437).png,non-COVID,320,201
Non-Covid (1164).png,non-COVID,366,341
Non-Covid (1004).png,non-COVID,463,322
Non-Covid (980).png,non-COVID,296,161
Non-Covid (1200).png,non-COVID,319,243
Non-Covid (105).png,non-COVID,333,278
Non-Covid (1030).png,non-COVID,280,229
Non-Covid (1211).png,non-COVID,301,183
Non-Covid (602).png,non-COVID,424,314
Non-Covid (914).png,non-COVID,385,286
Non-Covid (667).png,non-COVID,373,258
Non-Covid (462).png,non-COVID,408,336
Non-Covid (1227).png,non-COVID,340,230
Non-Covid (326).png,non-COVID,424,328
Non-Covid (901).png,non-COVID,335,255
Non-Covid (1056).png,non-COVID,432,365
Non-Covid (537).png,non-COVID,351,379
Non-Covid (546).png,non-COVID,405,294
Non-Covid (956).png,non-COVID,360,248
Non-Covid (1078).png,non-COVID,376,247
Non-Covid (704).png,non-COVID,332,210
Non-Covid (1099).png,non-COVID,388,258
Non-Covid (292).png,non-COVID,311,196
Non-Covid (136).png,non-COVID,332,248
Non-Covid (285).png,non-COVID,310,244
Non-Covid (189).png,non-COVID,406,307
Non-Covid (304).png,non-COVID,334,244
Non-Covid (1170).png,non-COVID,336,282
Non-Covid (22).png,non-COVID,416,348
Non-Covid (409).png,non-COVID,422,254
Non-Covid (992).png,non-COVID,408,267
Non-Covid (55).png,non-COVID,374,229
Non-Covid (575).png,non-COVID,420,308
Non-Covid (419).png,non-COVID,445,344
Non-Covid (792).png,non-COVID,385,248
Non-Covid (397).png,non-COVID,343,270
Non-Covid (893).png,non-COVID,290,205
Non-Covid (65).png,non-COVID,236,183
Non-Covid (394).png,non-COVID,320,243
Non-Covid (238).png,non-COVID,339,259
Non-Covid (1025).png,non-COVID,385,310
Non-Covid (299).png,non-COVID,278,171
Non-Covid (1189).png,non-COVID,370,281
Non-Covid (1183).png,non-COVID,352,276
Non-Covid (1228).png,non-COVID,316,199
Non-Covid (1218).png,non-COVID,337,227
Non-Covid (1057).png,non-COVID,455,338
Non-Covid (1006).png,non-COVID,443,317
Non-Covid (615).png,non-COVID,322,266
Non-Covid (931).png,non-COVID,374,272
Non-Covid (806).png,non-COVID,413,241
Non-Covid (364).png,non-COVID,363,304
Non-Covid (329).png,non-COVID,417,311
Non-Covid (920).png,non-COVID,404,323
Non-Covid (84).png,non-COVID,361,312
Non-Covid (674).png,non-COVID,382,251
Non-Covid (536).png,non-COVID,380,393
Non-Covid (986).png,non-COVID,379,242
Non-Covid (226).png,non-COVID,360,273
Non-Covid (5).png,non-COVID,382,326
Non-Covid (905).png,non-COVID,384,283
Non-Covid (620).png,non-COVID,325,305
Non-Covid (62).png,non-COVID,427,282
Non-Covid (441).png,non-COVID,380,235
Non-Covid (1108).png,non-COVID,448,341
Non-Covid (386).png,non-COVID,324,229
Non-Covid (1209).png,non-COVID,316,191
Non-Covid (1072).png,non-COVID,351,226
Non-Covid (17).png,non-COVID,399,363
Non-Covid (743).png,non-COVID,446,295
Non-Covid (692).png,non-COVID,354,278
Non-Covid (1175).png,non-COVID,344,232
Non-Covid (1205).png,non-COVID,329,232
Non-Covid (480).png,non-COVID,317,217
Non-Covid (459).png,non-COVID,430,323
Non-Covid (946).png,non-COVID,321,232
Non-Covid (1029).png,non-COVID,390,361
Non-Covid (361).png,non-COVID,330,240
Non-Covid (648).png,non-COVID,266,168
Non-Covid (1043).png,non-COVID,485,336
Non-Covid (444).png,non-COVID,351,283
Non-Covid (856).png,non-COVID,415,297
Non-Covid (563).png,non-COVID,381,308
Non-Covid (756).png,non-COVID,438,317
Non-Covid (996).png,non-COVID,398,258
Non-Covid (814).png,non-COVID,411,282
Non-Covid (778).png,non-COVID,354,191
Non-Covid (315).png,non-COVID,343,279
Non-Covid (340).png,non-COVID,260,185
Non-Covid (94).png,non-COVID,376,334
Non-Covid (1219).png,non-COVID,329,229
Non-Covid (474).png,non-COVID,258,181
Non-Covid (807).png,non-COVID,327,181
Non-Covid (895).png,non-COVID,310,217
Non-Covid (710).png,non-COVID,384,288
Non-Covid (321).png,non-COVID,415,326
Non-Covid (1145).png,non-COVID,274,201
Non-Covid (728).png,non-COVID,444,314
Non-Covid (568).png,non-COVID,385,320
Non-Covid (1230).png,non-COVID,331,233
Non-Covid (1092).png,non-COVID,308,214
Non-Covid (290).png,non-COVID,319,272
Non-Covid (908).png,non-COVID,403,275
Non-Covid (1065).png,non-COVID,386,335
Non-Covid (527).png,non-COVID,322,294
Non-Covid (97).png,non-COVID,429,348
Non-Covid (884).png,non-COVID,365,229
Non-Covid (967).png,non-COVID,364,256
Non-Covid (279).png,non-COVID,377,302
Non-Covid (355).png,non-COVID,395,324
Non-Covid (307).png,non-COVID,321,249
Non-Covid (334).png,non-COVID,406,294
Non-Covid (60).png,non-COVID,429,279
Non-Covid (909).png,non-COVID,408,278
Non-Covid (1040).png,non-COVID,409,340
Non-Covid (567).png,non-COVID,372,312
Non-Covid (919).png,non-COVID,404,307
Non-Covid (625).png,non-COVID,418,318
Non-Covid (922).png,non-COVID,402,321
Non-Covid (1071).png,non-COVID,315,234
Non-Covid (147).png,non-COVID,409,276
Non-Covid (1188).png,non-COVID,357,321
Non-Covid (46).png,non-COVID,325,192
Non-Covid (469).png,non-COVID,390,280
Non-Covid (509).png,non-COVID,358,292
Non-Covid (721).png,non-COVID,455,318
Non-Covid (270).png,non-COVID,335,292
Non-Covid (593).png,non-COVID,422,309
Non-Covid (135).png,non-COVID,334,224
Non-Covid (1166).png,non-COVID,334,262
Non-Covid (1199).png,non-COVID,327,228
Non-Covid (900).png,non-COVID,330,253
Non-Covid (1123).png,non-COVID,476,374
Non-Covid (445).png,non-COVID,406,274
Non-Covid (375).png,non-COVID,338,207
Non-Covid (124).png,non-COVID,370,236
Non-Covid (617).png,non-COVID,288,266
Non-Covid (1229).png,non-COVID,315,215
Non-Covid (324).png,non-COVID,416,334
Non-Covid (1181).png,non-COVID,332,213
Non-Covid (530).png,non-COVID,352,333
Non-Covid (521).png,non-COVID,285,241
Non-Covid (1127).png,non-COVID,332,221
Non-Covid (1186).png,non-COVID,338,285
Non-Covid (63).png,non-COVID,235,175
Non-Covid (1088).png,non-COVID,394,285
Non-Covid (1019).png,non-COVID,324,241
Non-Covid (512).png,non-COVID,300,192
Non-Covid (395).png,non-COVID,357,253
Non-Covid (353).png,non-COVID,333,288
Non-Covid (1168).png,non-COVID,327,281
Non-Covid (565).png,non-COVID,383,300
Non-Covid (122).png,non-COVID,374,261
Non-Covid (959).png,non-COVID,389,233
Non-Covid (14).png,non-COVID,406,378
Non-Covid (294).png,non-COVID,330,272
Non-Covid (1015).png,non-COVID,304,190
Non-Covid (833).png,non-COVID,412,287
Non-Covid (356).png,non-COVID,393,327
Non-Covid (720).png,non-COVID,453,283
Non-Covid (679).png,non-COVID,408,268
Non-Covid (913).png,non-COVID,366,270
Non-Covid (312).png,non-COVID,321,270
Non-Covid (30).png,non-COVID,303,200
Non-Covid (941).png,non-COVID,368,235
Non-Covid (816).png,non-COVID,427,327
Non-Covid (985).png,non-COVID,364,215
Non-Covid (153).png,non-COVID,337,213
Non-Covid (803).png,non-COVID,397,239
Non-Covid (864).png,non-COVID,271,170
Non-Covid (66).png,non-COVID,247,210
Non-Covid (417).png,non-COVID,435,279
Non-Covid (1155).png,non-COVID,320,248
Non-Covid (519).png,non-COVID,357,283
Non-Covid (1017).png,non-COVID,314,218
Non-Covid (225).png,non-COVID,345,282
Non-Covid (402).png,non-COVID,373,298
Non-Covid (1196).png,non-COVID,358,252
Non-Covid (504).png,non-COVID,343,246
Non-Covid (458).png,non-COVID,376,318
Non-Covid (382).png,non-COVID,352,281
Non-Covid (798).png,non-COVID,382,242
Non-Covid (146).png,non-COVID,409,265
Non-Covid (143).png,non-COVID,360,231
Non-Covid (1075).png,non-COVID,361,269
Non-Covid (1146).png,non-COVID,278,201
Non-Covid (1100).png,non-COVID,401,265
Non-Covid (882).png,non-COVID,310,201
Non-Covid (889).png,non-COVID,255,148
Non-Covid (589).png,non-COVID,392,296
Non-Covid (470).png,non-COVID,406,274
Non-Covid (1139).png,non-COVID,365,258
Non-Covid (323).png,non-COVID,425,351
Non-Covid (872).png,non-COVID,340,262
Non-Covid (477).png,non-COVID,293,202
Non-Covid (1160).png,non-COVID,360,293
Non-Covid (339).png,non-COVID,392,199
Non-Covid (171).png,non-COVID,306,167
Non-Covid (687).png,non-COVID,334,242
Non-Covid (573).png,non-COVID,395,313
Non-Covid (1210).png,non-COVID,311,184
Non-Covid (516).png,non-COVID,357,295
Non-Covid (1150).png,non-COVID,331,290
Non-Covid (963).png,non-COVID,363,242
Non-Covid (1001).png,non-COVID,426,287
Non-Covid (795).png,non-COVID,397,244
Non-Covid (1194).png,non-COVID,296,208
Non-Covid (117).png,non-COVID,371,246
Non-Covid (639).png,non-COVID,364,323
Non-Covid (274).png,non-COVID,348,302
Non-Covid (302).png,non-COVID,344,239
Non-Covid (130).png,non-COVID,440,344
Non-Covid (680).png,non-COVID,416,253
Non-Covid (784).png,non-COVID,382,227
Non-Covid (1007).png,non-COVID,460,321
Non-Covid (673).png,non-COVID,374,259
Non-Covid (783).png,non-COVID,368,208
Non-Covid (861).png,non-COVID,416,290
Non-Covid (468).png,non-COVID,399,286
Non-Covid (529).png,non-COVID,342,331
Non-Covid (1129).png,non-COVID,346,258
Non-Covid (621).png,non-COVID,352,305
Non-Covid (1206).png,non-COVID,322,208
Non-Covid (472).png,non-COVID,421,280
Non-Covid (699).png,non-COVID,408,351
Non-Covid (962).png,non-COVID,330,235
Non-Covid (44).png,non-COVID,380,272
Non-Covid (347).png,non-COVID,448,314
Non-Covid (390).png,non-COVID,280,192
Non-Covid (75).png,non-COVID,321,291
Non-Covid (316).png,non-COVID,332,277
Non-Covid (497).png,non-COVID,297,159
Non-Covid (613).png,non-COVID,277,214
Non-Covid (434).png,non-COVID,422,401
Non-Covid (1070).png,non-COVID,329,221
Non-Covid (282).png,non-COVID,386,267
Non-Covid (494).png,non-COVID,348,271
Non-Covid (392).png,non-COVID,309,215
Non-Covid (1081).png,non-COVID,319,243
Non-Covid (601).png,non-COVID,399,298
Non-Covid (332).png,non-COVID,411,303
Non-Covid (604).png,non-COVID,434,318
Non-Covid (495).png,non-COVID,355,272
Non-Covid (466).png,non-COVID,467,341
Non-Covid (20).png,non-COVID,401,341
Non-Covid (1045).png,non-COVID,273,201
Non-Covid (387).png,non-COVID,378,281
Non-Covid (777).png,non-COVID,334,193
Non-Covid (88).png,non-COVID,406,295
Non-Covid (782).png,non-COVID,388,228
Non-Covid (754).png,non-COVID,430,323
Non-Covid (1046).png,non-COVID,305,218
Non-Covid (640).png,non-COVID,333,317
Non-Covid (918).png,non-COVID,403,308
Non-Covid (785).png,non-COVID,371,225
Non-Covid (1113).png,non-COVID,400,245
Non-Covid (95).png,non-COVID,400,337
Non-Covid (1117).png,non-COVID,417,322
Non-Covid (1032).png,non-COVID,325,259
Non-Covid (581).png,non-COVID,349,303
Non-Covid (161).png,non-COVID,357,253
Non-Covid (664).png,non-COVID,376,247
Non-Covid (894).png,non-COVID,302,207
Non-Covid (978).png,non-COVID,352,233
Non-Covid (176).png,non-COVID,367,233
Non-Covid (337).png,non-COVID,391,239
Non-Covid (295).png,non-COVID,336,258
Non-Covid (8).png,non-COVID,404,348
Non-Covid (1066).png,non-COVID,379,364
Non-Covid (262).png,non-COVID,337,243
Non-Covid (77).png,non-COVID,326,282
Non-Covid (49).png,non-COVID,347,213
Non-Covid (1061).png,non-COVID,362,287
Non-Covid (1062).png,non-COVID,372,301
Non-Covid (572).png,non-COVID,380,335
Non-Covid (430).png,non-COVID,332,277
Non-Covid (794).png,non-COVID,388,244
Non-Covid (408).png,non-COVID,413,259
Non-Covid (157).png,non-COVID,359,243
Non-Covid (823).png,non-COVID,462,305
Non-Covid (411).png,non-COVID,425,293
Non-Covid (917).png,non-COVID,381,309
Non-Covid (346).png,non-COVID,407,309
Non-Covid (851).png,non-COVID,378,284
Non-Covid (1222).png,non-COVID,349,233
Non-Covid (1064).png,non-COVID,379,318
Non-Covid (121).png,non-COVID,359,258
Non-Covid (350).png,non-COVID,307,255
Non-Covid (943).png,non-COVID,291,200
Non-Covid (1180).png,non-COVID,339,227
Non-Covid (788).png,non-COVID,399,240
Non-Covid (98).png,non-COVID,413,377
Non-Covid (928).png,non-COVID,362,282
Non-Covid (18).png,non-COVID,415,355
Non-Covid (214).png,non-COVID,283,213
Non-Covid (1036).png,non-COVID,385,332
Non-Covid (100).png,non-COVID,433,375
Non-Covid (280).png,non-COVID,379,278
Non-Covid (1202).png,non-COVID,330,233
Non-Covid (991).png,non-COVID,403,258
Non-Covid (805).png,non-COVID,399,235
Non-Covid (199).png,non-COVID,298,202
Non-Covid (57).png,non-COVID,387,238
Non-Covid (839).png,non-COVID,314,245
Non-Covid (145).png,non-COVID,368,227
Non-Covid (616).png,non-COVID,300,287
Non-Covid (396).png,non-COVID,328,238
Non-Covid (559).png,non-COVID,383,274
Non-Covid (757).png,non-COVID,445,316
Non-Covid (637).png,non-COVID,359,324
Non-Covid (1107).png,non-COVID,392,293
Non-Covid (517).png,non-COVID,380,300
Non-Covid (493).png,non-COVID,333,275
Non-Covid (1110).png,non-COVID,443,320
Non-Covid (681).png,non-COVID,408,251
Non-Covid (556).png,non-COVID,484,416
Non-Covid (41).png,non-COVID,364,260
Non-Covid (842).png,non-COVID,344,248
Non-Covid (610).png,non-COVID,247,183
Non-Covid (48).png,non-COVID,340,217
Non-Covid (891).png,non-COVID,283,197
Non-Covid (925).png,non-COVID,388,313
Non-Covid (845).png,non-COVID,355,285
Non-Covid (695).png,non-COVID,394,309
Non-Covid (927).png,non-COVID,378,295
Non-Covid (210).png,non-COVID,352,245
Non-Covid (1220).png,non-COVID,350,245
Non-Covid (1185).png,non-COVID,339,281
Non-Covid (841).png,non-COVID,355,243
Non-Covid (1028).png,non-COVID,394,335
Non-Covid (638).png,non-COVID,358,315
Non-Covid (717).png,non-COVID,407,276
Non-Covid (539).png,non-COVID,373,388
Non-Covid (127).png,non-COVID,332,306
Non-Covid (1002).png,non-COVID,446,286
Non-Covid (488).png,non-COVID,327,197
Non-Covid (540).png,non-COVID,360,399
Non-Covid (1169).png,non-COVID,351,260
Non-Covid (697).png,non-COVID,401,328
Non-Covid (649).png,non-COVID,285,181
Non-Covid (383).png,non-COVID,403,295
Non-Covid (1014).png,non-COVID,499,328
Non-Covid (1114).png,non-COVID,385,229
Non-Covid (553).png,non-COVID,466,397
Non-Covid (1068).png,non-COVID,425,403
Non-Covid (770).png,non-COVID,299,148
Non-Covid (59).png,non-COVID,398,268
Non-Covid (301).png,non-COVID,340,237
Non-Covid (716).png,non-COVID,389,276
Non-Covid (106).png,non-COVID,343,276
Non-Covid (652).png,non-COVID,321,213
Non-Covid (1052).png,non-COVID,394,335
Non-Covid (433).png,non-COVID,384,385
Non-Covid (1144).png,non-COVID,289,172
Non-Covid (152).png,non-COVID,291,153
Non-Covid (1063).png,non-COVID,367,294
Non-Covid (261).png,non-COVID,326,239
Non-Covid (284).png,non-COVID,304,248
Non-Covid (215).png,non-COVID,322,228
Non-Covid (1142).png,non-COVID,364,217
Non-Covid (862).png,non-COVID,234,138
Non-Covid (1105).png,non-COVID,403,327
Non-Covid (958).png,non-COVID,354,240
Non-Covid (137).png,non-COVID,340,232
Non-Covid (491).png,non-COVID,353,264
Non-Covid (514).png,non-COVID,345,264
Non-Covid (759).png,non-COVID,379,273
Non-Covid (1083).png,non-COVID,364,262
Non-Covid (319).png,non-COVID,363,291
Non-Covid (1174).png,non-COVID,316,226
Non-Covid (789).png,non-COVID,384,233
Non-Covid (410).png,non-COVID,420,300
Non-Covid (1094).png,non-COVID,334,245
Non-Covid (1149).png,non-COVID,321,260
Non-Covid (388).png,non-COVID,363,318
Non-Covid (156).png,non-COVID,352,249
Non-Covid (239).png,non-COVID,348,295
Non-Covid (1122).png,non-COVID,455,352
Non-Covid (140).png,non-COVID,386,250
Non-Covid (975).png,non-COVID,342,248
Non-Covid (599).png,non-COVID,399,297
Non-Covid (603).png,non-COVID,412,320
Non-Covid (162).png,non-COVID,362,275
Non-Covid (202).png,non-COVID,321,219
Non-Covid (268).png,non-COVID,337,284
Non-Covid (10).png,non-COVID,407,371
Non-Covid (24).png,non-COVID,272,162
Non-Covid (1026).png,non-COVID,380,313
Non-Covid (1112).png,non-COVID,440,270
Non-Covid (533).png,non-COVID,365,380
Non-Covid (892).png,non-COVID,290,201
Non-Covid (1049).png,non-COVID,391,304
Non-Covid (453).png,non-COVID,355,337
Non-Covid (597).png,non-COVID,329,187
Non-Covid (1226).png,non-COVID,337,256
Non-Covid (1156).png,non-COVID,311,300
Non-Covid (169).png,non-COVID,364,284
Non-Covid (271).png,non-COVID,325,294
Non-Covid (775).png,non-COVID,322,171
Non-Covid (769).png,non-COVID,264,120
Non-Covid (34).png,non-COVID,319,226
Non-Covid (1157).png,non-COVID,341,291
Non-Covid (479).png,non-COVID,320,246
Non-Covid (659).png,non-COVID,326,224
Non-Covid (689).png,non-COVID,367,269
Non-Covid (212).png,non-COVID,250,148
Non-Covid (1137).png,non-COVID,359,270
Covid (230).png,COVID,413,271
Covid (1195).png,COVID,379,261
Covid (182).png,COVID,360,243
Covid (817).png,COVID,321,229
Covid (631).png,COVID,242,185
Covid (369).png,COVID,355,235
Covid (777).png,COVID,374,229
Covid (1249).png,COVID,369,324
Covid (366).png,COVID,336,244
Covid (1139).png,COVID,341,249
Covid (152).png,COVID,336,269
Covid (179).png,COVID,362,251
Covid (1004).png,COVID,374,296
Covid (297).png,COVID,358,267
Covid (1219).png,COVID,362,270
Covid (556).png,COVID,288,212
Covid (776).png,COVID,380,221
Covid (545).png,COVID,316,221
Covid (137).png,COVID,317,211
Covid (799).png,COVID,338,243
Covid (504).png,COVID,349,264
Covid (168).png,COVID,385,243
Covid (472).png,COVID,362,265
Covid (1233).png,COVID,403,322
Covid (347).png,COVID,368,260
Covid (1161).png,COVID,396,262
Covid (979).png,COVID,373,330
Covid (274).png,COVID,277,216
Covid (83).png,COVID,342,253
Covid (384).png,COVID,389,277
Covid (53).png,COVID,361,284
Covid (701).png,COVID,368,287
Covid (1214).png,COVID,353,257
Covid (806).png,COVID,331,243
Covid (959).png,COVID,332,243
Covid (276).png,COVID,277,221
Covid (431).png,COVID,380,330
Covid (356).png,COVID,386,319
Covid (95).png,COVID,392,290
Covid (1075).png,COVID,392,279
Covid (517).png,COVID,297,204
Covid (924).png,COVID,388,289
Covid (813).png,COVID,320,220
Covid (116).png,COVID,402,315
Covid (351).png,COVID,387,291
Covid (1208).png,COVID,354,268
Covid (208).png,COVID,330,214
Covid (117).png,COVID,405,331
Covid (1238).png,COVID,376,354
Covid (663).png,COVID,285,208
Covid (20).png,COVID,270,211
Covid (756).png,COVID,428,303
Covid (129).png,COVID,488,408
Covid (607).png,COVID,276,235
Covid (277).png,COVID,292,225
Covid (877).png,COVID,332,220
Covid (911).png,COVID,424,301
Covid (191).png,COVID,401,266
Covid (812).png,COVID,315,228
Covid (126).png,COVID,474,395
Covid (204).png,COVID,337,216
Covid (13).png,COVID,267,194
Covid (16).png,COVID,274,201
Covid (466).png,COVID,307,224
Covid (1114).png,COVID,370,265
Covid (1177).png,COVID,357,265
Covid (139).png,COVID,304,216
Covid (457).png,COVID,319,248
Covid (1154).png,COVID,240,127
Covid (213).png,COVID,331,207
Covid (295).png,COVID,327,242
Covid (656).png,COVID,294,214
Covid (11).png,COVID,378,323
Covid (585).png,COVID,244,175
Covid (451).png,COVID,356,317
Covid (1127).png,COVID,358,267
Covid (772).png,COVID,393,242
Covid (992).png,COVID,340,303
Covid (972).png,COVID,339,311
Covid (538).png,COVID,289,208
Covid (834).png,COVID,394,294
Covid (895).png,COVID,318,219
Covid (280).png,COVID,288,236
Covid (1199).png,COVID,374,261
Covid (205).png,COVID,364,223
Covid (388).png,COVID,386,292
Covid (507).png,COVID,303,234
Covid (745).png,COVID,297,188
Covid (4).png,COVID,365,260
Covid (210).png,COVID,344,221
Covid (519).png,COVID,289,202
Covid (331).png,COVID,402,280
Covid (679).png,COVID,209,158
Covid (985).png,COVID,359,324
Covid (103).png,COVID,370,259
Covid (1218).png,COVID,339,239
Covid (1191).png,COVID,276,165
Covid (795).png,COVID,371,252
Covid (694).png,COVID,396,296
Covid (160).png,COVID,358,294
Covid (984).png,COVID,348,326
Covid (857).png,COVID,358,277
Covid (1011).png,COVID,323,312
Covid (861).png,COVID,354,250
Covid (528).png,COVID,307,232
Covid (589).png,COVID,216,148
Covid (37).png,COVID,309,229
Covid (672).png,COVID,265,197
Covid (938).png,COVID,375,302
Covid (850).png,COVID,377,273
Covid (202).png,COVID,341,222
Covid (242).png,COVID,288,236
Covid (582).png,COVID,255,180
Covid (526).png,COVID,297,226
Covid (792).png,COVID,304,239
Covid (1141).png,COVID,349,243
Covid (499).png,COVID,299,236
Covid (452).png,COVID,333,276
Covid (628).png,COVID,221,180
Covid (18).png,COVID,269,197
Covid (532).png,COVID,305,225
Covid (831).png,COVID,374,287
Covid (111).png,COVID,396,303
Covid (44).png,COVID,328,244
Covid (1203).png,COVID,390,250
Covid (622).png,COVID,251,196
Covid (1014).png,COVID,351,312
Covid (921).png,COVID,387,281
Covid (898).png,COVID,318,190
Covid (395).png,COVID,247,191
Covid (695).png,COVID,394,290
Covid (821).png,COVID,317,219
Covid (104).png,COVID,387,274
Covid (835).png,COVID,384,296
Covid (118).png,COVID,406,335
Covid (761).png,COVID,396,296
Covid (465).png,COVID,320,225
Covid (49).png,COVID,340,259
Covid (912).png,COVID,405,296
Covid (1244).png,COVID,390,312
Covid (1091).png,COVID,321,247
Covid (837).png,COVID,368,294
Covid (583).png,COVID,269,176
Covid (389).png,COVID,386,292
Covid (1192).png,COVID,268,143
Covid (335).png,COVID,326,203
Covid (207).png,COVID,330,214
Covid (302).png,COVID,313,214
Covid (248).png,COVID,294,250
Covid (535).png,COVID,299,219
Covid (873).png,COVID,349,215
Covid (893).png,COVID,343,251
Covid (539).png,COVID,281,208
Covid (173).png,COVID,348,223
Covid (937).png,COVID,370,290
Covid (684).png,COVID,384,300
Covid (327).png,COVID,434,300
Covid (1197).png,COVID,368,260
Covid (541).png,COVID,293,218
Covid (325).png,COVID,382,285
Covid (128).png,COVID,488,408
Covid (186).png,COVID,371,271
Covid (1058).png,COVID,435,310
Covid (1170).png,COVID,358,269
Covid (780).png,COVID,362,233
Covid (658).png,COVID,295,219
Covid (259).png,COVID,255,172
Covid (994).png,COVID,352,304
Covid (269).png,COVID,268,201
Covid (1078).png,COVID,371,283
Covid (890).png,COVID,346,257
Covid (928).png,COVID,366,289
Covid (22).png,COVID,265,211
Covid (584).png,COVID,236,158
Covid (425).png,COVID,392,333
Covid (1167).png,COVID,364,260
Covid (952).png,COVID,356,281
Covid (88).png,COVID,348,266
Covid (505).png,COVID,341,268
Covid (1251).png,COVID,378,331
Covid (525).png,COVID,316,240
Covid (487).png,COVID,339,275
Covid (480).png,COVID,344,278
Covid (1122).png,COVID,365,264
Covid (1112).png,COVID,241,146
Covid (1060).png,COVID,439,300
Covid (460).png,COVID,310,247
Covid (484).png,COVID,351,268
Covid (665).png,COVID,292,203
Covid (712).png,COVID,359,284
Covid (316).png,COVID,413,269
Covid (299).png,COVID,312,249
Covid (368).png,COVID,340,225
Covid (55).png,COVID,357,280
Covid (98).png,COVID,336,239
Covid (619).png,COVID,260,217
Covid (1126).png,COVID,368,259
Covid (651).png,COVID,306,232
Covid (673).png,COVID,277,172
Covid (130).png,COVID,432,330
Covid (400).png,COVID,265,211
Covid (667).png,COVID,283,196
Covid (1013).png,COVID,335,320
Covid (1054).png,COVID,198,176
Covid (660).png,COVID,292,211
Covid (169).png,COVID,380,245
Covid (141).png,COVID,317,225
Covid (288).png,COVID,322,264
Covid (371).png,COVID,360,248
Covid (1111).png,COVID,246,148
Covid (193).png,COVID,385,257
Covid (779).png,COVID,353,242
Covid (550).png,COVID,278,209
Covid (383).png,COVID,361,300
Covid (902).png,COVID,310,196
Covid (1016).png,COVID,379,310
Covid (1220).png,COVID,354,272
Covid (547).png,COVID,297,221
Covid (832).png,COVID,379,289
Covid (232).png,COVID,398,269
Covid (407).png,COVID,280,227
Covid (1211).png,COVID,357,257
Covid (450).png,COVID,349,315
Covid (1144).png,COVID,337,245
Covid (1248).png,COVID,385,308
Covid (518).png,COVID,310,213
Covid (715).png,COVID,365,289
Covid (1236).png,COVID,393,319
Covid (190).png,COVID,387,265
Covid (228).png,COVID,372,268
Covid (671).png,COVID,293,187
Covid (624).png,COVID,266,210
Covid (21).png,COVID,271,211
Covid (948).png,COVID,361,295
Covid (856).png,COVID,361,286
Covid (641).png,COVID,209,127
Covid (92).png,COVID,356,271
Covid (434).png,COVID,361,316
Covid (1153).png,COVID,258,138
Covid (544).png,COVID,291,212
Covid (593).png,COVID,287,238
Covid (15).png,COVID,274,201
Covid (218).png,COVID,367,263
Covid (1087).png,COVID,365,262
Covid (36).png,COVID,300,237
Covid (1053).png,COVID,226,193
Covid (808).png,COVID,335,232
Covid (827).png,COVID,294,196
Covid (281).png,COVID,288,236
Covid (114).png,COVID,401,315
Covid (644).png,COVID,296,236
Covid (814).png,COVID,319,232
Covid (64).png,COVID,380,283
Covid (1228).png,COVID,380,328
Covid (54).png,COVID,356,274
Covid (361).png,COVID,308,180
Covid (987).png,COVID,347,317
Covid (562).png,COVID,257,179
Covid (1185).png,COVID,315,205
Covid (374).png,COVID,396,286
Covid (1174).png,COVID,367,262
Covid (521).png,COVID,289,193
Covid (101).png,COVID,369,268
Covid (580).png,COVID,265,195
Covid (1100).png,COVID,284,197
Covid (537).png,COVID,288,213
Covid (278).png,COVID,286,223
Covid (809).png,COVID,322,231
Covid (828).png,COVID,280,189
Covid (68).png,COVID,307,228
Covid (1010).png,COVID,336,314
Covid (124).png,COVID,435,325
Covid (82).png,COVID,346,240
Covid (735).png,COVID,315,229
Covid (866).png,COVID,346,260
Covid (820).png,COVID,317,225
Covid (561).png,COVID,266,199
Covid (166).png,COVID,366,305
Covid (998).png,COVID,343,307
Covid (1105).png,COVID,273,171
Covid (991).png,COVID,349,306
Covid (1110).png,COVID,249,152
Covid (843).png,COVID,379,293
Covid (1204).png,COVID,385,258
Covid (542).png,COVID,277,217
Covid (980).png,COVID,377,326
Covid (382).png,COVID,399,291
Covid (6).png,COVID,369,295
Covid (471).png,COVID,363,268
Covid (645).png,COVID,305,224
Covid (379).png,COVID,362,267
Covid (753).png,COVID,415,304
Covid (640).png,COVID,233,145
Covid (956).png,COVID,338,268
Covid (461).png,COVID,320,246
Covid (997).png,COVID,352,309
Covid (599).png,COVID,285,230
Covid (396).png,COVID,253,196
Covid (183).png,COVID,386,261
Covid (122).png,COVID,414,328
Covid (783).png,COVID,382,256
Covid (1213).png,COVID,348,260
Covid (670).png,COVID,282,183
Covid (1149).png,COVID,322,189
Covid (633).png,COVID,231,169
Covid (300).png,COVID,421,313
Covid (770).png,COVID,381,266
Covid (797).png,COVID,346,255
Covid (889).png,COVID,351,268
Covid (476).png,COVID,355,279
Covid (897).png,COVID,319,221
Covid (1205).png,COVID,369,258
Covid (249).png,COVID,323,250
Covid (500).png,COVID,306,227
Covid (119).png,COVID,408,329
Covid (362).png,COVID,310,180
Covid (516).png,COVID,260,149
Covid (413).png,COVID,319,249
Covid (235).png,COVID,387,256
Covid (1235).png,COVID,384,328
Covid (1045).png,COVID,268,234
Covid (983).png,COVID,354,328
Covid (824).png,COVID,300,204
Covid (1052).png,COVID,230,197
Covid (786).png,COVID,360,258
Covid (1132).png,COVID,359,272
Covid (736).png,COVID,350,245
Covid (410).png,COVID,288,248
Covid (652).png,COVID,309,229
Covid (867).png,COVID,351,267
Covid (655).png,COVID,304,206
Covid (1079).png,COVID,374,276
Covid (975).png,COVID,339,319
Covid (113).png,COVID,401,307
Covid (206).png,COVID,364,235
Covid (1099).png,COVID,309,213
Covid (164).png,COVID,389,241
Covid (943).png,COVID,363,290
Covid (106).png,COVID,389,282
Covid (419).png,COVID,363,281
Covid (1148).png,COVID,322,202
Covid (789).png,COVID,358,252
Covid (1097).png,COVID,311,210
Covid (184).png,COVID,365,258
Covid (1152).png,COVID,269,145
Covid (570).png,COVID,292,200
Covid (881).png,COVID,313,191
Covid (1222).png,COVID,336,267
Covid (1247).png,COVID,390,321
Covid (1056).png,COVID,211,147
Covid (683).png,COVID,195,124
Covid (676).png,COVID,254,142
Covid (845).png,COVID,350,304
Covid (993).png,COVID,388,299
Covid (402).png,COVID,267,219
Covid (376).png,COVID,359,274
Covid (717).png,COVID,354,281
Covid (515).png,COVID,281,172
Covid (125).png,COVID,438,320
Covid (23).png,COVID,277,211
Covid (969).png,COVID,368,298
Covid (1137).png,COVID,351,260
Covid (334).png,COVID,417,303
Covid (1063).png,COVID,418,290
Covid (888).png,COVID,347,260
Covid (950).png,COVID,359,295
Covid (455).png,COVID,333,265
Covid (320).png,COVID,401,287
Covid (308).png,COVID,348,239
Covid (143).png,COVID,319,238
Covid (261).png,COVID,255,182
Covid (546).png,COVID,283,211
Covid (161).png,COVID,394,265
Covid (922).png,COVID,380,284
Covid (737).png,COVID,306,224
Covid (590).png,COVID,182,129
Covid (1069).png,COVID,343,236
Covid (846).png,COVID,370,304
Covid (1061).png,COVID,430,298
Covid (1104).png,COVID,280,194
Covid (548).png,COVID,281,212
Covid (282).png,COVID,273,245
Covid (309).png,COVID,347,231
Covid (913).png,COVID,410,277
Covid (469).png,COVID,359,274
Covid (445).png,COVID,356,323
Covid (559).png,COVID,281,207
Covid (72).png,COVID,332,245
Covid (187).png,COVID,380,280
Covid (746).png,COVID,252,165
Covid (33).png,COVID,305,241
Covid (62).png,COVID,377,283
Covid (1019).png,COVID,364,314
Covid (613).png,COVID,254,224
Covid (509).png,COVID,346,256
Covid (750).png,COVID,413,300
Covid (24).png,COVID,277,211
Covid (620).png,COVID,258,212
Covid (1036).png,COVID,303,270
Covid (892).png,COVID,366,245
Covid (1047).png,COVID,243,221
Covid (57).png,COVID,361,276
Covid (387).png,COVID,381,291
Covid (872).png,COVID,347,237
Covid (601).png,COVID,289,228
Covid (626).png,COVID,245,192
Covid (131).png,COVID,432,330
Covid (718).png,COVID,367,279
Covid (448).png,COVID,349,289
Covid (250).png,COVID,326,259
Covid (1065).png,COVID,413,288
Covid (1074).png,COVID,391,277
Covid (988).png,COVID,349,316
Covid (155).png,COVID,341,271
Covid (28).png,COVID,289,222
Covid (456).png,COVID,324,262
Covid (1237).png,COVID,414,340
Covid (1223).png,COVID,359,259
Covid (328).png,COVID,406,300
Covid (1125).png,COVID,362,263
Covid (441).png,COVID,358,322
Covid (304).png,COVID,327,200
Covid (869).png,COVID,346,241
Covid (1243).png,COVID,394,301
Covid (159).png,COVID,378,272
Covid (1046).png,COVID,258,240
Covid (698).png,COVID,371,297
Covid (686).png,COVID,398,296
Covid (862).png,COVID,355,260
Covid (133).png,COVID,274,188
Covid (262).png,COVID,282,207
Covid (498).png,COVID,303,231
Covid (871).png,COVID,330,232
Covid (1003).png,COVID,327,307
Covid (1183).png,COVID,331,246
Covid (608).png,COVID,287,235
Covid (442).png,COVID,373,317
Covid (77).png,COVID,319,234
Covid (315).png,COVID,402,282
Covid (661).png,COVID,291,206
Covid (964).png,COVID,271,171
Covid (236).png,COVID,394,262
Covid (343).png,COVID,387,282
Covid (1207).png,COVID,373,269
Covid (591).png,COVID,288,247
Covid (375).png,COVID,342,245
Covid (752).png,COVID,415,308
Covid (669).png,COVID,272,192
Covid (493).png,COVID,323,254
Covid (364).png,COVID,340,198
Covid (390).png,COVID,372,305
Covid (337).png,COVID,339,234
Covid (870).png,COVID,352,239
Covid (855).png,COVID,365,284
Covid (794).png,COVID,358,246
Covid (153).png,COVID,333,248
Covid (1044).png,COVID,273,242
Covid (726).png,COVID,321,262
Covid (945).png,COVID,375,287
Covid (385).png,COVID,366,280
Covid (704).png,COVID,378,293
Covid (352).png,COVID,361,277
Covid (946).png,COVID,361,284
Covid (339).png,COVID,340,243
Covid (565).png,COVID,277,193
Covid (749).png,COVID,244,142
Covid (270).png,COVID,282,201
Covid (481).png,COVID,334,264
Covid (220).png,COVID,387,259
Covid (301).png,COVID,421,313
Covid (475).png,COVID,343,266
Covid (47).png,COVID,331,270
Covid (32).png,COVID,305,241
Covid (566).png,COVID,274,194
Covid (303).png,COVID,320,214
Covid (851).png,COVID,369,285
Covid (1135).png,COVID,352,258
Covid (329).png,COVID,452,320
Covid (700).png,COVID,401,292
Covid (600).png,COVID,294,241
Covid (621).png,COVID,258,206
Covid (609).png,COVID,283,238
Covid (1169).png,COVID,364,263
Covid (1040).png,COVID,281,257
Covid (377).png,COVID,404,274
Covid (900).png,COVID,334,204
Covid (632).png,COVID,243,182
Covid (252).png,COVID,241,162
Covid (1).png,COVID,256,202
Covid (149).png,COVID,338,251
Covid (720).png,COVID,338,266
Covid (90).png,COVID,362,265
Covid (1120).png,COVID,360,266
Covid (170).png,COVID,373,239
Covid (730).png,COVID,338,239
Covid (360).png,COVID,308,180
Covid (931).png,COVID,378,297
Covid (552).png,COVID,283,216
Covid (990).png,COVID,354,317
Covid (50).png,COVID,346,259
Covid (995).png,COVID,362,311
Covid (579).png,COVID,260,182
Covid (740).png,COVID,324,209
Covid (934).png,COVID,376,296
Covid (804).png,COVID,332,238
Covid (968).png,COVID,183,151
Covid (719).png,COVID,355,285
Covid (138).png,COVID,317,215
Covid (722).png,COVID,327,273
Covid (75).png,COVID,324,228
Covid (86).png,COVID,332,239
Covid (1138).png,COVID,354,247
Covid (189).png,COVID,402,289
Covid (317).png,COVID,377,269
Covid (223).png,COVID,377,249
Covid (1123).png,COVID,368,260
Covid (1115).png,COVID,366,270
Covid (40).png,COVID,336,236
Covid (215).png,COVID,356,226
Covid (100).png,COVID,348,256
Covid (907).png,COVID,411,290
Covid (265).png,COVID,274,200
Covid (569).png,COVID,267,207
Covid (1171).png,COVID,352,236
Covid (748).png,COVID,259,187
Covid (494).png,COVID,333,251
Covid (393).png,COVID,381,285
Covid (418).png,COVID,375,267
Covid (510).png,COVID,345,266
Covid (1186).png,COVID,320,218
Covid (134).png,COVID,302,203
Covid (1178).png,COVID,360,259
Covid (378).png,COVID,370,291
Covid (84).png,COVID,348,257
Covid (1080).png,COVID,371,284
Covid (764).png,COVID,387,280
Covid (642).png,COVID,299,237
Covid (1166).png,COVID,353,262
Covid (530).png,COVID,305,243
Covid (919).png,COVID,381,289
Covid (107).png,COVID,383,283
Covid (941).png,COVID,376,283
Covid (724).png,COVID,349,258
Covid (294).png,COVID,336,229
Covid (1017).png,COVID,335,309
Covid (512).png,COVID,347,264
Covid (1187).png,COVID,310,188
Covid (1241).png,COVID,403,301
Covid (52).png,COVID,351,262
Covid (1165).png,COVID,367,254
Covid (165).png,COVID,389,289
Covid (429).png,COVID,371,323
Covid (771).png,COVID,373,252
Covid (459).png,COVID,332,247
Covid (363).png,COVID,337,210
Covid (1055).png,COVID,219,162
Covid (648).png,COVID,316,233
Covid (932).png,COVID,372,306
Covid (1012).png,COVID,358,309
Covid (246).png,COVID,284,259
Covid (1184).png,COVID,340,222
Covid (916).png,COVID,396,310
Covid (1159).png,COVID,382,283
Covid (76).png,COVID,319,234
Covid (1200).png,COVID,381,258
Covid (310).png,COVID,361,231
Covid (1215).png,COVID,345,275
Covid (732).png,COVID,347,240
Covid (513).png,COVID,349,277
Covid (533).png,COVID,300,224
Covid (587).png,COVID,277,201
Covid (716).png,COVID,343,279
Covid (595).png,COVID,296,235
Covid (899).png,COVID,328,192
Covid (283).png,COVID,299,229
Covid (157).png,COVID,346,276
Covid (853).png,COVID,378,281
Covid (203).png,COVID,347,224
Covid (234).png,COVID,423,286
Covid (27).png,COVID,286,220
Covid (575).png,COVID,252,176
Covid (650).png,COVID,290,228
Covid (1147).png,COVID,327,215
Covid (357).png,COVID,356,269
Covid (240).png,COVID,408,295
Covid (894).png,COVID,347,252
Covid (630).png,COVID,239,174
Covid (502).png,COVID,283,188
Covid (7).png,COVID,379,308
Covid (1082).png,COVID,377,278
Covid (1245).png,COVID,383,311
Covid (1124).png,COVID,371,263
Covid (1173).png,COVID,360,260
Covid (755).png,COVID,414,297
Covid (263).png,COVID,264,195
Covid (496).png,COVID,307,236
Covid (244).png,COVID,287,233
Covid (858).png,COVID,367,288
Covid (1028).png,COVID,312,282
Covid (178).png,COVID,371,252
Covid (486).png,COVID,328,273
Covid (883).png,COVID,291,185
Covid (674).png,COVID,290,177
Covid (314).png,COVID,399,255
Covid (844).png,COVID,362,284
Covid (67).png,COVID,307,228
Covid (1049).png,COVID,263,209
Covid (904).png,COVID,405,289
Covid (271).png,COVID,282,208
Covid (637).png,COVID,224,157
Covid (260).png,COVID,255,175
Covid (296).png,COVID,347,267
Covid (267).png,COVID,274,200
Covid (344).png,COVID,360,263
Covid (1242).png,COVID,373,300
Covid (865).png,COVID,340,251
Covid (848).png,COVID,367,290
Covid (1039).png,COVID,293,266
Covid (194).png,COVID,393,267
Covid (646).png,COVID,300,232
Covid (653).png,COVID,286,224
Covid (1035).png,COVID,290,267
Covid (211).png,COVID,344,227
Covid (774).png,COVID,399,230
Covid (1158).png,COVID,377,267
Covid (614).png,COVID,286,235
Covid (882).png,COVID,315,189
Covid (109).png,COVID,390,308
Covid (762).png,COVID,400,281
Covid (80).png,COVID,350,257
Covid (497).png,COVID,309,222
Covid (380).png,COVID,397,288
Covid (394).png,COVID,391,307
Covid (112).png,COVID,401,303
Covid (978).png,COVID,376,324
Covid (1121).png,COVID,356,264
Covid (197).png,COVID,324,219
Covid (879).png,COVID,337,216
Covid (420).png,COVID,345,269
Covid (927).png,COVID,387,295
Covid (349).png,COVID,366,268
Covid (65).png,COVID,391,290
Covid (298).png,COVID,331,275
Covid (1009).png,COVID,336,317
Covid (711).png,COVID,365,287
Covid (432).png,COVID,401,337
Covid (643).png,COVID,317,221
Covid (323).png,COVID,393,293
Covid (1146).png,COVID,331,236
Covid (1000).png,COVID,331,315
Covid (251).png,COVID,336,265
Covid (635).png,COVID,232,180
Covid (1172).png,COVID,352,256
Covid (1022).png,COVID,340,322
Covid (146).png,COVID,312,232
Covid (287).png,COVID,314,247
Covid (1073).png,COVID,397,270
Covid (1072).png,COVID,384,283
Covid (511).png,COVID,355,269
Covid (1021).png,COVID,355,298
Covid (181).png,COVID,361,269
Covid (710).png,COVID,361,284
Covid (454).png,COVID,331,268
Covid (1155).png,COVID,373,254
Covid (675).png,COVID,249,153
Covid (1225).png,COVID,353,241
Covid (1157).png,COVID,391,271
Covid (731).png,COVID,320,240
Covid (534).png,COVID,300,224
Covid (878).png,COVID,325,210
Covid (268).png,COVID,268,194
Covid (914).png,COVID,403,295
Covid (198).png,COVID,313,217
Covid (815).png,COVID,318,232
Covid (727).png,COVID,369,261
Covid (1175).png,COVID,357,263
Covid (1048).png,COVID,253,217
Covid (257).png,COVID,262,172
Covid (529).png,COVID,319,235
Covid (863).png,COVID,339,260
Covid (415).png,COVID,413,291
Covid (508).png,COVID,339,262
Covid (426).png,COVID,381,321
Covid (19).png,COVID,270,199
Covid (1020).png,COVID,365,306
Covid (1179).png,COVID,349,267
Covid (568).png,COVID,273,179
Covid (738).png,COVID,318,244
Covid (439).png,COVID,356,313
Covid (398).png,COVID,253,196
Covid (1216).png,COVID,361,289
Covid (199).png,COVID,324,222
Covid (859).png,COVID,363,285
Covid (73).png,COVID,324,222
Covid (1136).png,COVID,360,256
Covid (5).png,COVID,366,290
Covid (1083).png,COVID,378,268
Covid (43).png,COVID,339,247
Covid (1194).png,COVID,380,266
Covid (97).png,COVID,371,261
Covid (1033).png,COVID,310,271
Covid (132).png,COVID,306,218
Covid (1163).png,COVID,379,267
Covid (875).png,COVID,328,218
Covid (468).png,COVID,350,268
Covid (798).png,COVID,347,242
Covid (909).png,COVID,411,299
Covid (1252).png,COVID,387,323
Covid (478).png,COVID,353,270
Covid (392).png,COVID,387,290
Covid (729).png,COVID,343,257
Covid (597).png,COVID,299,254
Covid (1230).png,COVID,409,322
Covid (668).png,COVID,276,184
Covid (91).png,COVID,355,264
Covid (9).png,COVID,392,327
Covid (1151).png,COVID,284,163
Covid (405).png,COVID,276,224
Covid (1090).png,COVID,358,253
Covid (81).png,COVID,347,246
Covid (602).png,COVID,284,229
Covid (34).png,COVID,300,233
Covid (849).png,COVID,364,302
Covid (638).png,COVID,230,151
Covid (1198).png,COVID,377,251
Covid (1128).png,COVID,367,269
Covid (216).png,COVID,346,224
Covid (1043).png,COVID,270,249
Covid (728).png,COVID,355,237
Covid (321).png,COVID,377,267
Covid (60).png,COVID,362,266
Covid (1029).png,COVID,308,267
Covid (818).png,COVID,310,235
Covid (917).png,COVID,403,309
Covid (604).png,COVID,284,242
Covid (1064).png,COVID,416,282
Covid (616).png,COVID,266,226
Covid (1189).png,COVID,286,177
Covid (462).png,COVID,333,239
Covid (901).png,COVID,323,195
Covid (391).png,COVID,387,313
Covid (1085).png,COVID,370,273
Covid (677).png,COVID,249,155
Covid (819).png,COVID,320,222
Covid (12).png,COVID,267,194
Covid (884).png,COVID,291,184
Covid (690).png,COVID,385,295
Covid (1093).png,COVID,328,237
Covid (48).png,COVID,340,259
Covid (802).png,COVID,368,269
Covid (702).png,COVID,349,288
Covid (479).png,COVID,370,276
Covid (464).png,COVID,342,233
Covid (217).png,COVID,359,231
Covid (31).png,COVID,305,238
Covid (540).png,COVID,292,206
Covid (787).png,COVID,362,273
Covid (942).png,COVID,371,295
Covid (470).png,COVID,348,269
Covid (657).png,COVID,282,224
Covid (957).png,COVID,324,247
Covid (996).png,COVID,335,317
Covid (662).png,COVID,286,210
Covid (433).png,COVID,358,312
Covid (1202).png,COVID,384,264
Covid (574).png,COVID,375,259
Covid (501).png,COVID,278,215
Covid (1057).png,COVID,207,154
Covid (1018).png,COVID,333,310
Covid (1101).png,COVID,278,194
Covid (365).png,COVID,332,244
Covid (953).png,COVID,362,255
Covid (1231).png,COVID,406,346
Covid (1176).png,COVID,355,239
Covid (734).png,COVID,321,231
Covid (962).png,COVID,292,197
Covid (121).png,COVID,399,310
Covid (421).png,COVID,351,278
Covid (422).png,COVID,335,247
Covid (678).png,COVID,240,167
Covid (258).png,COVID,264,172
Covid (482).png,COVID,326,251
Covid (697).png,COVID,393,294
Covid (563).png,COVID,273,200
Covid (766).png,COVID,404,275
Covid (1190).png,COVID,279,181
Covid (918).png,COVID,389,299
Covid (233).png,COVID,398,269
Covid (664).png,COVID,284,204
Covid (926).png,COVID,378,291
Covid (1089).png,COVID,347,257
Covid (355).png,COVID,386,282
Covid (1005).png,COVID,322,316
Covid (1210).png,COVID,359,267
Covid (961).png,COVID,320,228
Covid (822).png,COVID,298,208
Covid (353).png,COVID,383,298
Covid (291).png,COVID,361,277
Covid (1140).png,COVID,343,242
Covid (681).png,COVID,232,131
Covid (292).png,COVID,297,253
Covid (713).png,COVID,342,276
Covid (743).png,COVID,310,216
Covid (847).png,COVID,357,313
Covid (874).png,COVID,342,238
Covid (977).png,COVID,359,323
Covid (811).png,COVID,317,225
Covid (801).png,COVID,386,260
Covid (592).png,COVID,302,242
Covid (408).png,COVID,283,235
Covid (573).png,COVID,286,190
Covid (93).png,COVID,355,252
Covid (473).png,COVID,370,267
Covid (96).png,COVID,368,296
Covid (689).png,COVID,386,291
Covid (254).png,COVID,255,170
Covid (1130).png,COVID,371,266
Covid (1006).png,COVID,328,317
Covid (290).png,COVID,333,240
Covid (409).png,COVID,283,248
Covid (158).png,COVID,360,265
Covid (145).png,COVID,322,249
Covid (649).png,COVID,302,234
Covid (1062).png,COVID,424,313
Covid (714).png,COVID,358,282
Covid (578).png,COVID,265,178
Covid (842).png,COVID,369,295
Covid (1168).png,COVID,351,263
Covid (773).png,COVID,390,254
Covid (417).png,COVID,375,269
Covid (886).png,COVID,275,183
Covid (896).png,COVID,336,244
Covid (999).png,COVID,318,311
Covid (520).png,COVID,255,164
Covid (733).png,COVID,316,225
Covid (807).png,COVID,327,236
Covid (1142).png,COVID,347,240
Covid (891).png,COVID,364,257
Covid (1217).png,COVID,337,270
Covid (1201).png,COVID,399,273
Covid (492).png,COVID,310,266
Covid (1042).png,COVID,259,241
Covid (1164).png,COVID,387,272
Covid (816).png,COVID,314,220
Covid (790).png,COVID,362,267
Covid (372).png,COVID,372,259
Covid (38).png,COVID,319,240
Covid (285).png,COVID,309,256
Covid (557).png,COVID,278,212
Covid (446).png,COVID,365,321
Covid (322).png,COVID,386,270
Covid (551).png,COVID,277,205
Covid (1150).png,COVID,302,171
Covid (709).png,COVID,362,285
Covid (1066).png,COVID,412,280
Covid (127).png,COVID,435,340
Covid (231).png,COVID,430,283
Covid (810).png,COVID,333,236
Covid (333).png,COVID,395,297
Covid (887).png,COVID,349,274
Covid (266).png,COVID,274,200
Covid (723).png,COVID,352,261
Covid (174).png,COVID,351,248
Covid (805).png,COVID,323,237
Covid (974).png,COVID,362,314
Covid (56).png,COVID,364,282
Covid (238).png,COVID,407,273
Covid (830).png,COVID,380,300
Covid (966).png,COVID,273,169
Covid (245).png,COVID,298,240
Covid (1181).png,COVID,348,252
Covid (836).png,COVID,374,294
Covid (793).png,COVID,368,265
Covid (319).png,COVID,387,277
Covid (967).png,COVID,204,123
Covid (354).png,COVID,371,282
Covid (272).png,COVID,277,210
Covid (241).png,COVID,419,279
Covid (200).png,COVID,328,222
Covid (524).png,COVID,298,237
Covid (929).png,COVID,374,275
Covid (85).png,COVID,348,257
Covid (358).png,COVID,378,276
Covid (741).png,COVID,313,236
Covid (1226).png,COVID,342,268
Covid (79).png,COVID,344,255
Covid (222).png,COVID,378,256
Covid (981).png,COVID,356,336
Covid (523).png,COVID,303,221
Covid (1196).png,COVID,370,264
Covid (705).png,COVID,382,292
Covid (839).png,COVID,369,285
Covid (148).png,COVID,334,273
Covid (406).png,COVID,278,224
Covid (555).png,COVID,281,209
Covid (311).png,COVID,374,249
Covid (699).png,COVID,378,282
Covid (1084).png,COVID,366,266
Covid (659).png,COVID,285,205
Covid (763).png,COVID,400,280
Covid (318).png,COVID,377,254
Covid (151).png,COVID,331,243
Covid (247).png,COVID,311,259
Covid (180).png,COVID,374,257
Covid (1180).png,COVID,343,255
Covid (951).png,COVID,361,286
Covid (336).png,COVID,328,229
Covid (386).png,COVID,379,289
Covid (543).png,COVID,278,212
Covid (854).png,COVID,351,273
Covid (416).png,COVID,382,309
Covid (401).png,COVID,265,211
Covid (826).png,COVID,297,204
Covid (1076).png,COVID,374,276
Covid (506).png,COVID,339,265
Covid (255).png,COVID,245,170
Covid (293).png,COVID,316,242
Covid (428).png,COVID,378,329
Covid (1221).png,COVID,341,265
Covid (930).png,COVID,378,285
Covid (345).png,COVID,365,264
Covid (605).png,COVID,286,251
Covid (531).png,COVID,300,228
Covid (612).png,COVID,294,260
Covid (1088).png,COVID,343,263
Covid (150).png,COVID,338,263
Covid (163).png,COVID,370,268
Covid (868).png,COVID,345,245
Covid (214).png,COVID,332,222
Covid (963).png,COVID,298,191
Covid (1227).png,COVID,336,236
Covid (1001).png,COVID,333,308
Covid (576).png,COVID,254,175
Covid (647).png,COVID,298,237
Covid (443).png,COVID,354,302
Covid (1095).png,COVID,313,231
Covid (908).png,COVID,406,297
Covid (289).png,COVID,314,256
Covid (708).png,COVID,370,277
Covid (915).png,COVID,401,300
Covid (1094).png,COVID,325,224
Covid (1032).png,COVID,310,274
Covid (449).png,COVID,348,307
Covid (1106).png,COVID,275,195
Covid (954).png,COVID,361,263
Covid (440).png,COVID,365,307
Covid (227).png,COVID,403,276
Covid (625).png,COVID,265,191
Covid (66).png,COVID,370,272
Covid (74).png,COVID,324,222
Covid (1068).png,COVID,399,288
Covid (373).png,COVID,373,265
Covid (1102).png,COVID,280,192
Covid (264).png,COVID,274,197
Covid (785).png,COVID,365,245
Covid (399).png,COVID,265,204
Covid (1025).png,COVID,316,276
Covid (1229).png,COVID,435,311
Covid (549).png,COVID,281,219
Covid (833).png,COVID,375,296
Covid (338).png,COVID,339,234
Covid (45).png,COVID,339,253
Covid (960).png,COVID,309,240
Covid (692).png,COVID,382,296
Covid (1182).png,COVID,347,259
Covid (243).png,COVID,327,238
Covid (976).png,COVID,370,322
Covid (560).png,COVID,255,196
Covid (201).png,COVID,340,222
Covid (1015).png,COVID,333,324
Covid (1071).png,COVID,410,280
Covid (188).png,COVID,390,269
Covid (823).png,COVID,314,212
Covid (876).png,COVID,322,215
Covid (221).png,COVID,378,246
Covid (350).png,COVID,399,308
Covid (829).png,COVID,385,294
Covid (171).png,COVID,405,247
Covid (860).png,COVID,361,275
Covid (237).png,COVID,401,273
Covid (135).png,COVID,302,203
Covid (788).png,COVID,361,247
Covid (87).png,COVID,357,263
Covid (162).png,COVID,356,244
Covid (42).png,COVID,339,245
Covid (596).png,COVID,296,244
Covid (175).png,COVID,368,238
Covid (142).png,COVID,342,252
Covid (706).png,COVID,373,290
Covid (458).png,COVID,323,259
Covid (949).png,COVID,366,285
Covid (629).png,COVID,237,181
Covid (553).png,COVID,268,195
Covid (838).png,COVID,370,286
Covid (759).png,COVID,401,299
Covid (411).png,COVID,289,248
Covid (341).png,COVID,350,250
Covid (140).png,COVID,317,225
Covid (840).png,COVID,366,290
Covid (172).png,COVID,342,238
Covid (490).png,COVID,329,251
Covid (58).png,COVID,363,278
Covid (467).png,COVID,306,221
Covid (69).png,COVID,308,224
Covid (586).png,COVID,234,186
Covid (923).png,COVID,386,285
Covid (192).png,COVID,385,257
Covid (1250).png,COVID,370,319
Covid (1232).png,COVID,386,333
Covid (1007).png,COVID,347,318
Covid (577).png,COVID,250,171
Covid (136).png,COVID,314,211
Covid (346).png,COVID,360,258
Covid (403).png,COVID,270,219
Covid (226).png,COVID,401,286
Covid (196).png,COVID,405,259
Covid (108).png,COVID,390,302
Covid (800).png,COVID,327,243
Covid (430).png,COVID,368,317
Covid (784).png,COVID,379,250
Covid (41).png,COVID,339,245
Covid (796).png,COVID,344,246
Covid (825).png,COVID,301,209
Covid (742).png,COVID,317,220
Covid (1206).png,COVID,363,266
Covid (639).png,COVID,200,151
Covid (1224).png,COVID,362,272
Covid (123).png,COVID,412,317
Covid (680).png,COVID,236,139
Covid (1086).png,COVID,357,261
Covid (747).png,COVID,261,168
Covid (1209).png,COVID,361,254
Covid (778).png,COVID,349,232
Covid (224).png,COVID,380,264
Covid (219).png,COVID,376,246
Covid (1051).png,COVID,231,221
Covid (397).png,COVID,253,196
Covid (2).png,COVID,342,254
Covid (1234).png,COVID,394,345
Covid (841).png,COVID,364,290
Covid (594).png,COVID,310,237
Covid (1119).png,COVID,375,270
Covid (177).png,COVID,359,252
Covid (725).png,COVID,341,272
Covid (522).png,COVID,264,154
Covid (707).png,COVID,350,290
Covid (1092).png,COVID,317,235
Covid (3).png,COVID,342,254
Covid (404).png,COVID,270,219
Covid (885).png,COVID,281,175
Covid (59).png,COVID,367,267
Covid (767).png,COVID,399,276
Covid (61).png,COVID,369,298
Covid (781).png,COVID,277,180
Covid (1026).png,COVID,321,283
Covid (26).png,COVID,277,220
Covid (225).png,COVID,401,274
Covid (483).png,COVID,345,270
Covid (1240).png,COVID,380,303
Covid (488).png,COVID,313,271
Covid (284).png,COVID,299,250
Covid (239).png,COVID,397,261
Covid (1113).png,COVID,223,150
Covid (279).png,COVID,288,214
Covid (286).png,COVID,354,278
Covid (944).png,COVID,359,286
Covid (503).png,COVID,355,273
Covid (627).png,COVID,239,179
Covid (185).png,COVID,383,258
Covid (791).png,COVID,363,261
Covid (691).png,COVID,400,288
Covid (623).png,COVID,240,186
Covid (51).png,COVID,346,259
Covid (688).png,COVID,393,316
Covid (491).png,COVID,311,230
Covid (489).png,COVID,317,270
Covid (312).png,COVID,374,249
Covid (803).png,COVID,333,249
Covid (156).png,COVID,354,257
Covid (105).png,COVID,381,282
Covid (606).png,COVID,315,256
Covid (195).png,COVID,407,279
Covid (666).png,COVID,276,190
Covid (1037).png,COVID,286,270
Covid (754).png,COVID,346,262
Covid (1133).png,COVID,355,264
Covid (39).png,COVID,320,240
Covid (348).png,COVID,375,269
Covid (330).png,COVID,452,320
Covid (359).png,COVID,394,287
Covid (940).png,COVID,371,299
Covid (1193).png,COVID,377,260
Covid (14).png,COVID,274,201
Covid (935).png,COVID,379,290
Covid (973).png,COVID,326,330
Covid (381).png,COVID,399,288
Covid (514).png,COVID,303,203
Covid (8).png,COVID,398,308
Covid (610).png,COVID,288,261
Covid (342).png,COVID,368,260
Covid (102).png,COVID,378,269
Covid (1143).png,COVID,337,245
Covid (25).png,COVID,277,212
Covid (115).png,COVID,402,315
Covid (1108).png,COVID,252,172
Covid (1103).png,COVID,285,194
Covid (654).png,COVID,307,209
Covid (1059).png,COVID,438,305
Covid (936).png,COVID,378,278
Covid (757).png,COVID,400,308
Covid (986).png,COVID,369,318
Covid (414).png,COVID,534,341
Covid (982).png,COVID,382,317
Covid (696).png,COVID,406,291
Covid (751).png,COVID,434,299
Covid (925).png,COVID,369,292
Covid (1160).png,COVID,375,266
Covid (615).png,COVID,269,244
Covid (453).png,COVID,342,255
Covid (618).png,COVID,259,207
Covid (70).png,COVID,310,224
Covid (572).png,COVID,414,314
Covid (1024).png,COVID,334,297
Covid (485).png,COVID,336,280
Covid (768).png,COVID,383,276
Covid (760).png,COVID,396,291
Covid (989).png,COVID,346,314
Covid (1077).png,COVID,392,274
Covid (852).png,COVID,367,286
Covid (536).png,COVID,308,223
Covid (1188).png,COVID,303,191
Covid (1131).png,COVID,357,273
Covid (17).png,COVID,277,201
Covid (1116).png,COVID,364,270
Covid (229).png,COVID,393,271
Covid (617).png,COVID,272,221
Covid (474).png,COVID,358,262
Covid (1129).png,COVID,355,267
Covid (1212).png,COVID,350,258
Covid (120).png,COVID,436,384
Covid (1008).png,COVID,346,318
Covid (758).png,COVID,414,317
Covid (424).png,COVID,388,333
Covid (1038).png,COVID,297,276
Covid (554).png,COVID,303,223
Covid (636).png,COVID,227,172
Covid (682).png,COVID,222,131
Covid (35).png,COVID,300,234
Covid (775).png,COVID,394,237
Covid (71).png,COVID,322,234
Covid (933).png,COVID,383,310
Covid (427).png,COVID,389,339
Covid (864).png,COVID,343,253
Covid (970).png,COVID,344,314
Covid (965).png,COVID,241,152
Covid (1162).png,COVID,390,273
Covid (324).png,COVID,408,284
Covid (920).png,COVID,386,286
Covid (611).png,COVID,283,263
Covid (1134).png,COVID,381,260
Covid (144).png,COVID,310,240
Covid (1067).png,COVID,412,283
Covid (307).png,COVID,348,226
Covid (1156).png,COVID,379,262
Covid (29).png,COVID,289,223
Covid (739).png,COVID,314,236
Covid (1027).png,COVID,328,288
Covid (765).png,COVID,388,277
Covid (971).png,COVID,334,298
Covid (1117).png,COVID,365,273
Covid (340).png,COVID,347,253
Covid (1023).png,COVID,331,296
Covid (78).png,COVID,323,234
Covid (769).png,COVID,385,255
Covid (147).png,COVID,322,250
Covid (744).png,COVID,309,215
Covid (567).png,COVID,278,196
Covid (495).png,COVID,328,252
Covid (685).png,COVID,408,281
Covid (275).png,COVID,277,218
Covid (463).png,COVID,323,256
Covid (1070).png,COVID,402,282
Covid (634).png,COVID,234,174
Covid (167).png,COVID,397,316
Covid (955).png,COVID,341,252
Covid (1050).png,COVID,249,185
Covid (1118).png,COVID,360,275
Covid (423).png,COVID,403,335
Covid (370).png,COVID,355,246
Covid (438).png,COVID,370,326
Covid (1002).png,COVID,341,296
Covid (306).png,COVID,342,224
Covid (99).png,COVID,357,246
Covid (903).png,COVID,406,314
Covid (89).png,COVID,340,250
Covid (880).png,COVID,324,207
Covid (588).png,COVID,239,160
Covid (305).png,COVID,342,208
Covid (1041).png,COVID,269,244
Covid (212).png,COVID,353,227
Covid (1096).png,COVID,305,223
Covid (603).png,COVID,283,252
Covid (435).png,COVID,365,336
Covid (1107).png,COVID,268,185
Covid (273).png,COVID,277,216
Covid (10).png,COVID,370,307
Covid (1109).png,COVID,247,187
Covid (958).png,COVID,338,246
Covid (721).png,COVID,358,280
Covid (367).png,COVID,353,219
Covid (571).png,COVID,276,196
Covid (412).png,COVID,295,248
Covid (326).png,COVID,409,309
Covid (332).png,COVID,411,297
Covid (558).png,COVID,279,211
Covid (1246).png,COVID,370,326
Covid (30).png,COVID,303,231
Covid (703).png,COVID,365,279
Covid (313).png,COVID,386,266
Covid (437).png,COVID,370,303
Covid (939).png,COVID,373,290
Covid (110).png,COVID,410,314
Covid (1030).png,COVID,310,278
Covid (693).png,COVID,386,301
Covid (447).png,COVID,344,289
Covid (1098).png,COVID,300,215
Covid (906).png,COVID,425,307
Covid (1081).png,COVID,384,273
Covid (581).png,COVID,259,180
Covid (782).png,COVID,386,240
Covid (564).png,COVID,271,193
Covid (154).png,COVID,337,271
Covid (527).png,COVID,312,228
Covid (209).png,COVID,324,211
Covid (910).png,COVID,422,301
Covid (1145).png,COVID,329,245
Covid (947).png,COVID,363,293
Covid (905).png,COVID,399,305
Covid (436).png,COVID,367,315
Covid (1239).png,COVID,378,325
Covid (687).png,COVID,378,304
Covid (46).png,COVID,331,262
Covid (1034).png,COVID,296,274
Covid (253).png,COVID,254,164
Covid (63).png,COVID,365,283
Covid (444).png,COVID,361,297
Covid (477).png,COVID,346,270
Covid (176).png,COVID,359,238
Covid (1031).png,COVID,316,276
Covid (94).png,COVID,355,269
Covid (256).png,COVID,262,172
Covid (598).png,COVID,286,237
